Filename;Biensoxe
0001.jpg;
0003.jpg;81AA04892||81K53579||67FB2113
0005.jpg;
0006.jpg;
0008.jpg;30A75344
0014.jpg;51F70804
3254.jpg;60B975544
3255.jpg;77E145693
3296.jpg;51K49181
3359.jpg;47A53777
0007.jpg;29Z177113
0009.jpg;30E07098||30L20191
0010.jpg;30E64967
0011.jpg;60A55655
0012.jpg;51G79984
0013.jpg;51H32116
0015.jpg;51G68882
0017.jpg;51H04073
0018.jpg;66P189575||84B136217
0019.jpg;201097||60B933994
0020.jpg;49E164481||86B137449
0021.jpg;73B155794
0022.jpg;47K117349||78H104652
0002.jpg;61T32222
0004.jpg;61F102330
0016.jpg;29D253943
0023.jpg;51G10096
0024.jpg;51G10096
0025.jpg;51A65474
0026.jpg;51A65474
0027.jpg;51G51936
0028.jpg;51G51936
0029.jpg;51A64826
0030.jpg;51F86988
0031.jpg;51F86988
0032.jpg;15Z64901
0033.jpg;52Y6490
0034.jpg;51G49524
0035.jpg;51A96141
0036.jpg;51F79512
0037.jpg;51F79512
0038.jpg;29A51796
0039.jpg;29A51796
0040.jpg;51F68784
0041.jpg;51F68784
0042.jpg;30N4616
0043.jpg;8002866
0044.jpg;48A02866
0045.jpg;51G22807
0046.jpg;51G49539
0047.jpg;51G49539
0048.jpg;43A18650
0049.jpg;3018650
0050.jpg;51F73420
0051.jpg;51F73420
0052.jpg;47A06546
0053.jpg;47A06546
0054.jpg;51F89357
0055.jpg;5189357
0056.jpg;51A64826
0057.jpg;51A64826
0058.jpg;5186988
0059.jpg;51F86988
0060.jpg;52Y6490
0061.jpg;52Y6490
0062.jpg;
0063.jpg;
0064.jpg;51G49524
0065.jpg;1649524
0066.jpg;51F04275
0067.jpg;51A96141
0068.jpg;51F79512
0069.jpg;51F79512
0070.jpg;51F68784
0071.jpg;51F68784
0072.jpg;30N4616
0073.jpg;30N4616
0074.jpg;48A02866
0075.jpg;48A02866
0076.jpg;51G49539
0077.jpg;51G49539
0078.jpg;51F73420
0079.jpg;51F73420
0080.jpg;51G21670
0081.jpg;51G21670
0082.jpg;
0083.jpg;51A05227
0084.jpg;51A05227
0085.jpg;51G21670
0086.jpg;51G21670
0087.jpg;51F59881
0088.jpg;51A01204
0089.jpg;51A01204
0090.jpg;51F06948
0091.jpg;51F06948
0092.jpg;51G39466
0093.jpg;51F07973
0094.jpg;51F07973
0095.jpg;51G49160
0096.jpg;51F61712
0097.jpg;48A05177
0098.jpg;48A05177
0099.jpg;51G76354
0100.jpg;51F88270
0101.jpg;51F88270
0102.jpg;56S4698
0103.jpg;51F63034
0104.jpg;51F63034
0105.jpg;1526490
0106.jpg;526490
0107.jpg;51F16159
0108.jpg;51F6159
0109.jpg;61A22959
0110.jpg;61A22959
0111.jpg;51G37675
0112.jpg;51A89714
0113.jpg;51A89714
0114.jpg;60A35981
0115.jpg;51A72110
0116.jpg;51A96141
0117.jpg;51F24403
0118.jpg;51F24403
0119.jpg;51G37307
0120.jpg;51G37307
0121.jpg;51G31691
0122.jpg;51G31691
0123.jpg;51G31691
0124.jpg;51G31691
0125.jpg;51G51332
0126.jpg;51G51332
0127.jpg;51F15585
0128.jpg;5115585
0129.jpg;51F22261
0130.jpg;51F22261
0131.jpg;60A35981
0132.jpg;60A35981
0133.jpg;60A3598
0134.jpg;51F59011
0135.jpg;51F59011
0136.jpg;51F04275
0137.jpg;51F32488
0138.jpg;51E32488
0139.jpg;51G44313
0140.jpg;51G44313
0141.jpg;51G47281
0142.jpg;51F15585
0143.jpg;51F15585
0144.jpg;51F59881
0145.jpg;51F59881
0146.jpg;50L00441
0147.jpg;50L0044
0148.jpg;50L00441
0149.jpg;50L00441
0150.jpg;51F82606
0151.jpg;51F82606
0152.jpg;51F06532
0153.jpg;51A72078
0154.jpg;51A2078
0155.jpg;51A77529
0156.jpg;51G29034
0157.jpg;51A05227
0158.jpg;51A05227
0159.jpg;51G21670
0160.jpg;51F59881
0161.jpg;51F59881
0162.jpg;51A01204
0163.jpg;51A01204
0164.jpg;51G39466
0165.jpg;51F07973
0166.jpg;51F07973
0167.jpg;51F61712
0168.jpg;51F61712
0169.jpg;48A05177
0170.jpg;48A05177
0171.jpg;5176354
0172.jpg;
0173.jpg;5188270
0174.jpg;51F3118
0175.jpg;51F31118
0176.jpg;56S4698
0177.jpg;56S4698
0178.jpg;51F63034
0179.jpg;51F63034
0180.jpg;51A69172
0181.jpg;51A69172
0182.jpg;52Y6490
0183.jpg;52Y6490
0184.jpg;51F16159
0185.jpg;51F16159
0186.jpg;61A22959
0187.jpg;61A22959
0188.jpg;51G37675
0189.jpg;51G37675
0190.jpg;51A89714
0191.jpg;61A89714
0192.jpg;51A72110
0193.jpg;51F24403
0194.jpg;51F24403
0195.jpg;
0196.jpg;51G31691
0197.jpg;51G31691
0198.jpg;51G51332
0199.jpg;51G51332
0200.jpg;51G51332
0201.jpg;51G51332
0202.jpg;51F15585
0203.jpg;51F15585
0204.jpg;51F22267
0205.jpg;51F22261
0206.jpg;60A3598
0207.jpg;60A35981
0208.jpg;51F59011
0209.jpg;51F59011
0210.jpg;51F32488
0211.jpg;51F32488
0212.jpg;
0213.jpg;51G49539
0214.jpg;51G49539
0215.jpg;51A01204
0216.jpg;51F20754
0217.jpg;51F20754
0218.jpg;51A01204
0219.jpg;51F31118
0220.jpg;51F31118
0221.jpg;51F06532
0222.jpg;50L00447
0223.jpg;50L0441
0224.jpg;50L0441
0225.jpg;50L00441
0226.jpg;51A85325
0227.jpg;51A85325
0228.jpg;51F06532
0229.jpg;51F06532
0230.jpg;50L0441
0231.jpg;51A72078
0232.jpg;51A72078
0233.jpg;50L00441
0234.jpg;51A85325
0235.jpg;51A77529
0236.jpg;51A77529
0237.jpg;51G29034
0238.jpg;51G29034
0239.jpg;
0240.jpg;51G25181
0241.jpg;51A05227
0242.jpg;51G25181
0243.jpg;51G21670
0244.jpg;51D21670
0245.jpg;51F59881
0246.jpg;51F59881
0247.jpg;51A01204
0248.jpg;51A01204
0249.jpg;51G39466
0250.jpg;51G39466
0251.jpg;51F07973
0252.jpg;51E07973
0253.jpg;51F61712
0254.jpg;51G42971
0255.jpg;51G42971
0256.jpg;51G37307
0257.jpg;51G37307
0258.jpg;51F52170
0259.jpg;51F63034
0260.jpg;51F63034
0261.jpg;52Y6490
0262.jpg;60A20880
0263.jpg;60A20880
0264.jpg;51F06609
0265.jpg;51A89714
0266.jpg;51A89714
0267.jpg;51A89714
0268.jpg;51G22237
0269.jpg;51G22237
0270.jpg;60A03868
0271.jpg;51A7210
0272.jpg;51A7210
0273.jpg;51A96147
0274.jpg;51F44614
0275.jpg;51F44614
0276.jpg;51G37675
0277.jpg;51F24403
0278.jpg;51G43630
0279.jpg;51G43630
0280.jpg;50Z1630
0281.jpg;51G51332
0282.jpg;51F22261
0283.jpg;60B35981
0284.jpg;51F64665
0285.jpg;51F59011
0286.jpg;
0287.jpg;52P5688
0288.jpg;51F07568
0289.jpg;51A90905
0290.jpg;51G00672
0291.jpg;51G00672
0292.jpg;51F06948
0293.jpg;51F57493
0294.jpg;51F06948
0295.jpg;51G31691
0296.jpg;51G10096
0297.jpg;51A02923
0298.jpg;51A02923
0299.jpg;51F74776
0300.jpg;51G31691
0301.jpg;51A16598
0302.jpg;48A05177
0303.jpg;48A05177
0304.jpg;51G49539
0305.jpg;51G01177
0306.jpg;51G01177
0307.jpg;51F31118
0308.jpg;51F3118
0309.jpg;51G37307
0310.jpg;51G37307
0311.jpg;51G50553
0312.jpg;51G50553
0313.jpg;50L00441
0314.jpg;51G47340
0315.jpg;5164340
0316.jpg;51G5292
0317.jpg;51F06532
0318.jpg;51A72078
0319.jpg;51A72078
0320.jpg;51A77529
0321.jpg;51A77529
0322.jpg;62A05772
0323.jpg;51F06532
0324.jpg;60L0058
0325.jpg;60A21418
0326.jpg;60A21418
0327.jpg;51F22029
0328.jpg;51F22029
0329.jpg;51A72078
0330.jpg;51A05227
0331.jpg;51A05227
0332.jpg;51F59881
0333.jpg;
0334.jpg;51G39466
0335.jpg;51G39466
0336.jpg;51F61712
0337.jpg;51F61712
0338.jpg;51G42971
0339.jpg;51G42971
0340.jpg;51G37307
0341.jpg;51G37307
0342.jpg;51F63034
0343.jpg;5163034
0344.jpg;51A69172
0345.jpg;51A69172
0346.jpg;52Y6490
0347.jpg;52Y6490
0348.jpg;51F16159
0349.jpg;51F16159
0350.jpg;51F06609
0351.jpg;51F06609
0352.jpg;51A89714
0353.jpg;51A89714
0354.jpg;51A89714
0355.jpg;51A89714
0356.jpg;51G22237
0357.jpg;51G22237
0358.jpg;60A03868
0359.jpg;60A03868
0360.jpg;51G31691
0361.jpg;51G31691
0362.jpg;51G43630
0363.jpg;50Z1630
0364.jpg;50Z1630
0365.jpg;51G51332
0366.jpg;51G51332
0367.jpg;51F22261
0368.jpg;
0369.jpg;60A35981
0370.jpg;60A35981
0371.jpg;51F59011
0372.jpg;51F59011
0373.jpg;52P5688
0374.jpg;11F22261
0375.jpg;51G00672
0376.jpg;51G00672
0377.jpg;51A77529
0378.jpg;51A77529
0379.jpg;51G31691
0380.jpg;51G31691
0381.jpg;51A02923
0382.jpg;51F74776
0383.jpg;51F74776
0384.jpg;51F07973
0385.jpg;60M8965
0386.jpg;51A85325
0387.jpg;51A85325
0388.jpg;51F82606
0389.jpg;582606
0390.jpg;51G51292
0391.jpg;51G51292
0392.jpg;62A05772
0393.jpg;62A05772
0394.jpg;51G51008
0395.jpg;51F22029
0396.jpg;5122029
0397.jpg;51F61712
0398.jpg;51P61712
0399.jpg;86A06844
0400.jpg;86A06844
0401.jpg;93L00010
0402.jpg;51F88270
0403.jpg;51F88270
0404.jpg;51F88270
0405.jpg;51F88270
0406.jpg;51F88270
0407.jpg;51F88270
0408.jpg;51F04275
0409.jpg;91F04275
0410.jpg;51A05227
0411.jpg;51A05227
0412.jpg;51F78396
0413.jpg;50F78396
0414.jpg;51G21797
0415.jpg;62A05516
0416.jpg;62A05516
0417.jpg;51G21670
0418.jpg;51F59881
0419.jpg;51F59881
0420.jpg;51F24476
0421.jpg;51F24476
0422.jpg;1567186
0423.jpg;51A72444
0424.jpg;51A72444
0425.jpg;51F31118
0426.jpg;51F31118
0427.jpg;51G25481
0428.jpg;51G25481
0429.jpg;51A01204
0430.jpg;51A01204
0431.jpg;50L00441
0432.jpg;
0433.jpg;51A85325
0434.jpg;51A85325
0435.jpg;51A85325
0436.jpg;51F64619
0437.jpg;51F64619
0438.jpg;
0439.jpg;447281
0440.jpg;51G21748
0441.jpg;51G21748
0442.jpg;51G10096
0443.jpg;51G10096
0444.jpg;51G37307
0445.jpg;
0446.jpg;51G39466
0447.jpg;15L63946
0448.jpg;51F07973
0449.jpg;51F07973
0450.jpg;51F06532
0451.jpg;51F06532
0452.jpg;51F61712
0453.jpg;51F61712
0454.jpg;51A77529
0455.jpg;51A77529
0456.jpg;86A06844
0457.jpg;93L0010
0458.jpg;93L0010
0459.jpg;51F88270
0460.jpg;51F88270
0461.jpg;51F88270
0462.jpg;51F88270
0463.jpg;51F88270
0464.jpg;51F22029
0465.jpg;51F22029
0466.jpg;51F22029
0467.jpg;51F22029
0468.jpg;51G01440
0469.jpg;51C59323
0470.jpg;51A05227
0471.jpg;51F11558
0472.jpg;51G21670
0473.jpg;51F63034
0474.jpg;51F59881
0475.jpg;51F63034
0476.jpg;501204
0477.jpg;51F06948
0478.jpg;51G39466
0479.jpg;51F07973
0480.jpg;51F07973
0481.jpg;51F61712
0482.jpg;51F88270
0483.jpg;51F63034
0484.jpg;51A69172
0485.jpg;51F16159
0486.jpg;61A22959
0487.jpg;51G10209
0488.jpg;51G37307
0489.jpg;51A60216
0490.jpg;51A57211
0491.jpg;51A96141
0492.jpg;51A96141
0493.jpg;51F44614
0494.jpg;51F44614
0495.jpg;51A60216
0496.jpg;62A05195
0497.jpg;51F24403
0498.jpg;51A69172
0499.jpg;51A69172
0500.jpg;51F16159
0501.jpg;51F16159
0502.jpg;61A39534
0503.jpg;51G51332
0504.jpg;51F15585
0505.jpg;51F22261
0506.jpg;60A35981
0507.jpg;51F58250
0508.jpg;51F64665
0509.jpg;51G47281
0510.jpg;51F59011
0511.jpg;61A30001
0512.jpg;61A22959
0513.jpg;51F02687
0514.jpg;51G27471
0515.jpg;51G51008
0516.jpg;56N0666
0517.jpg;51G47281
0518.jpg;51A89714
0519.jpg;51A89714
0520.jpg;51F49142
0521.jpg;
0522.jpg;51B21666
0523.jpg;51B21666
0524.jpg;51B21666
0525.jpg;51B21666
0526.jpg;51D03183
0527.jpg;51F20754
0528.jpg;51G42861
0529.jpg;51A96141
0530.jpg;51F31118
0531.jpg;51A96141
0532.jpg;51A96141
0533.jpg;51A9614
0534.jpg;6003868
0535.jpg;50L00441
0536.jpg;51A85325
0537.jpg;51A85325
0538.jpg;51F44614
0539.jpg;51F44614
0540.jpg;51F63034
0541.jpg;51G43947
0542.jpg;51F63034
0543.jpg;51F24403
0544.jpg;51F24403
0545.jpg;51A72078
0546.jpg;51A72078
0547.jpg;51G51332
0548.jpg;51F69545
0549.jpg;51F15585
0550.jpg;51F15585
0551.jpg;51F22029
0552.jpg;51G01440
0553.jpg;51G01440
0554.jpg;51C59323
0555.jpg;51C59323
0556.jpg;51A05227
0557.jpg;51G21670
0558.jpg;51G21670
0559.jpg;51F22261
0560.jpg;51F59881
0561.jpg;51F59881
0562.jpg;51F22261
0563.jpg;51A01204
0564.jpg;51A01204
0565.jpg;30V3993
0566.jpg;51F06948
0567.jpg;51F06948
0568.jpg;
0569.jpg;51D39466
0570.jpg;51G39466
0571.jpg;51G39466
0572.jpg;51F07973
0573.jpg;51F07973
0574.jpg;51F07973
0575.jpg;51F07973
0576.jpg;51F61712
0577.jpg;51F61712
0578.jpg;51E88270
0579.jpg;51F55827
0580.jpg;51F63034
0581.jpg;51F63034
0582.jpg;51A69172
0583.jpg;51A69172
0584.jpg;51F16159
0585.jpg;51F16159
0586.jpg;61A22959
0587.jpg;61A22959
0588.jpg;51G10209
0589.jpg;51G10209
0590.jpg;51G37307
0591.jpg;1637307
0592.jpg;51D10039
0593.jpg;51D10039
0594.jpg;60A35981
0595.jpg;51A89714
0596.jpg;51A60216
0597.jpg;51A60216
0598.jpg;51A72110
0599.jpg;
0600.jpg;51A96141
0601.jpg;2951796
0602.jpg;29A51796
0603.jpg;
0604.jpg;51F44614
0605.jpg;51F44614
0606.jpg;51F44614
0607.jpg;51F44614
0608.jpg;
0609.jpg;9051796
0610.jpg;29A51796
0611.jpg;51A60216
0612.jpg;51A60216
0613.jpg;62A05195
0614.jpg;62A05195
0615.jpg;51F24403
0616.jpg;51F24403
0617.jpg;61A39534
0618.jpg;61A39534
0619.jpg;51G51332
0620.jpg;51G51332
0621.jpg;51F15585
0622.jpg;51F15585
0623.jpg;51F22261
0624.jpg;51F22261
0625.jpg;60A35981
0626.jpg;51F59011
0627.jpg;
0628.jpg;
0629.jpg;51F59011
0630.jpg;51F59011
0631.jpg;51F59011
0632.jpg;61A30001
0633.jpg;61A30001
0634.jpg;51F04275
0635.jpg;51F02687
0636.jpg;51F02687
0637.jpg;51G51936
0638.jpg;
0639.jpg;51F04275
0640.jpg;51A69172
0641.jpg;51A69172
0642.jpg;51F16159
0643.jpg;5116159
0644.jpg;51G47281
0645.jpg;51G47281
0646.jpg;51G49160
0647.jpg;51G49160
0648.jpg;51F20754
0649.jpg;51F20754
0650.jpg;51A89714
0651.jpg;51A89714
0652.jpg;50L0441
0653.jpg;1500044
0654.jpg;51A85325
0655.jpg;
0656.jpg;51G25181
0657.jpg;51G25181
0658.jpg;51F49142
0659.jpg;51B21666
0660.jpg;51B21666
0661.jpg;51A90905
0662.jpg;51A90905
0663.jpg;51G10096
0664.jpg;51G10096
0665.jpg;48A05177
0666.jpg;48A05177
0667.jpg;51G01177
0668.jpg;
0669.jpg;51A72110
0670.jpg;51A72110
0671.jpg;51G37307
0672.jpg;
0673.jpg;60A3598
0674.jpg;60A35981
0675.jpg;51G47340
0676.jpg;51A96141
0677.jpg;51A96174
0678.jpg;51A96141
0679.jpg;51A9611
0680.jpg;51F06532
0681.jpg;60L00058
0682.jpg;60L0058
0683.jpg;60A21418
0684.jpg;51A72078
0685.jpg;51A72078
0686.jpg;51A77529
0687.jpg;51A77529
0688.jpg;51F44614
0689.jpg;51F44614
0690.jpg;51G51008
0691.jpg;51G51008
0692.jpg;51F24403
0693.jpg;51F79512
0694.jpg;51F79512
0695.jpg;51A05227
0696.jpg;51A05227
0697.jpg;51F59881
0698.jpg;61F59881
0699.jpg;51A01204
0700.jpg;51A01204
0701.jpg;51F07973
0702.jpg;51F07973
0703.jpg;51F61712
0704.jpg;51F61712
0705.jpg;51A55433
0706.jpg;51F88270
0707.jpg;30E00090
0708.jpg;30E00090
0709.jpg;51F63034
0710.jpg;51F63034
0711.jpg;51A69172
0712.jpg;51A69172
0713.jpg;51G10209
0714.jpg;51G51008
0715.jpg;51G51008
0716.jpg;51F35613
0717.jpg;51F35613
0718.jpg;51A72110
0719.jpg;51A96141
0720.jpg;519614
0721.jpg;51F44614
0722.jpg;51F44614
0723.jpg;51F24403
0724.jpg;51F75326
0725.jpg;59D237976
0726.jpg;51G51332
0727.jpg;51G51332
0728.jpg;51F15585
0729.jpg;51B15585
0730.jpg;51F15585
0731.jpg;51F15585
0732.jpg;51G51332
0733.jpg;51G51332
0734.jpg;603598
0735.jpg;29A51796
0736.jpg;29A51796
0737.jpg;51F04877
0738.jpg;51F04877
0739.jpg;86A06642
0740.jpg;51F59011
0741.jpg;51G20536
0742.jpg;51G20536
0743.jpg;51F78904
0744.jpg;51F15380
0745.jpg;51F15380
0746.jpg;51F21255
0747.jpg;51F21255
0748.jpg;5169259
0749.jpg;51F69259
0750.jpg;51F13251
0751.jpg;51F13251
0752.jpg;51F15585
0753.jpg;51F15585
0754.jpg;29A23950
0755.jpg;29A23950
0756.jpg;51F15585
0757.jpg;51F15585
0758.jpg;51G48154
0759.jpg;51D48154
0760.jpg;51F77836
0761.jpg;51F77836
0762.jpg;51F98466
0763.jpg;51F98466
0764.jpg;51F58214
0765.jpg;51F58214
0766.jpg;51F21255
0767.jpg;51F27809
0768.jpg;51F27809
0769.jpg;51G20536
0770.jpg;51F22261
0771.jpg;30V3993
0772.jpg;30V3993
0773.jpg;51G10096
0774.jpg;51A75932
0775.jpg;51A5932
0776.jpg;60L04379
0777.jpg;60A35981
0778.jpg;60A35981
0779.jpg;51A05227
0780.jpg;29A51796
0781.jpg;2951796
0782.jpg;29A51796
0783.jpg;51F89357
0784.jpg;51A05227
0785.jpg;51F59011
0786.jpg;
0787.jpg;93D00103
0788.jpg;51A05227
0789.jpg;51A05227
0790.jpg;51F59881
0791.jpg;51F59881
0792.jpg;51A01204
0793.jpg;51A01204
0794.jpg;51F06948
0795.jpg;51F06948
0796.jpg;51F07973
0797.jpg;51F07973
0798.jpg;51F61712
0799.jpg;51F61712
0800.jpg;51F59011
0801.jpg;51A55433
0802.jpg;30E00090
0803.jpg;51F63034
0804.jpg;51F63034
0805.jpg;51A69172
0806.jpg;51A69172
0807.jpg;61A22959
0808.jpg;61A22959
0809.jpg;51G51008
0810.jpg;51G51008
0811.jpg;51F35613
0812.jpg;51F35613
0813.jpg;51A72110
0814.jpg;51F04275
0815.jpg;
0816.jpg;51A96141
0817.jpg;51A96141
0818.jpg;51F44614
0819.jpg;51F44614
0820.jpg;51F24403
0821.jpg;51F24403
0822.jpg;51F75326
0823.jpg;51G51332
0824.jpg;1651332
0825.jpg;51F15585
0826.jpg;51F15585
0827.jpg;51F15585
0828.jpg;51F15585
0829.jpg;60A35981
0830.jpg;60A35981
0831.jpg;51F04877
0832.jpg;51F04877
0833.jpg;
0834.jpg;
0835.jpg;51F59011
0836.jpg;51F59011
0837.jpg;51G20536
0838.jpg;51G20536
0839.jpg;51E78904
0840.jpg;51F78904
0841.jpg;51G51936
0842.jpg;51G51936
0843.jpg;51F21255
0844.jpg;51F21255
0845.jpg;5169259
0846.jpg;51F69259
0847.jpg;51F13251
0848.jpg;51F13251
0849.jpg;29A23950
0850.jpg;29A23950
0851.jpg;51G48154
0852.jpg;51G48154
0853.jpg;51F77836
0854.jpg;51F98466
0855.jpg;
0856.jpg;51F58214
0857.jpg;51F58214
0858.jpg;51F21255
0859.jpg;51F21255
0860.jpg;50Z0618
0861.jpg;50Z0618
0862.jpg;51E27809
0863.jpg;51F27809
0864.jpg;51G20536
0865.jpg;51F16159
0866.jpg;51A96141
0867.jpg;51A45974
0868.jpg;51F73029
0869.jpg;60A39951
0870.jpg;51A01204
0871.jpg;51A01204
0872.jpg;51G39466
0873.jpg;51F07973
0874.jpg;51F07973
0875.jpg;51F24403
0876.jpg;51A45974
0877.jpg;51A45974
0878.jpg;51G51332
0879.jpg;51G51332
0880.jpg;51F04275
0881.jpg;51F04275
0882.jpg;51F07568
0883.jpg;51F07568
0884.jpg;51F57493
0885.jpg;
0886.jpg;51G31691
0887.jpg;51G31697
0888.jpg;51A16598
0889.jpg;51A16598
0890.jpg;51G49539
0891.jpg;51G49539
0892.jpg;51F20754
0893.jpg;51F20754
0894.jpg;51F31118
0895.jpg;51F31118
0896.jpg;50L0441
0897.jpg;50L0441
0898.jpg;51G10096
0899.jpg;51G10096
0900.jpg;51F73029
0901.jpg;51F73029
0902.jpg;60A39951
0903.jpg;60A39951
0904.jpg;51F06532
0905.jpg;51F06532
0906.jpg;51A72078
0907.jpg;51A77529
0908.jpg;51A77529
0909.jpg;51A05227
0910.jpg;51F59881
0911.jpg;51F59881
0912.jpg;51A01204
0913.jpg;51A01204
0914.jpg;51F07973
0915.jpg;51F61712
0916.jpg;51F88270
0917.jpg;51F88270
0918.jpg;5186988
0919.jpg;51A69172
0920.jpg;61A22959
0921.jpg;51G10209
0922.jpg;51A96141
0923.jpg;51G51008
0924.jpg;51F24403
0925.jpg;51G51332
0926.jpg;51F15585
0927.jpg;51F15585
0928.jpg;51F22261
0929.jpg;303993
0930.jpg;51F59011
0931.jpg;5178396
0932.jpg;51G21797
0933.jpg;62A05516
0934.jpg;51F24476
0935.jpg;56N7186
0936.jpg;51F20754
0937.jpg;51A72444
0938.jpg;51F31118
0939.jpg;50L0441
0940.jpg;51A85325
0941.jpg;51A85325
0942.jpg;51F64619
0943.jpg;51G47281
0944.jpg;51G21748
0945.jpg;51G34471
0946.jpg;51G37307
0947.jpg;51F06532
0948.jpg;51A72078
0949.jpg;51A77529
0950.jpg;51F22029
0951.jpg;51F22029
0952.jpg;51A05227
0953.jpg;51A05227
0954.jpg;51G21670
0955.jpg;51G21670
0956.jpg;59D150906
0957.jpg;51F59881
0958.jpg;5159881
0959.jpg;51F59881
0960.jpg;51F59881
0961.jpg;51A01204
0962.jpg;51A01204
0963.jpg;51A01204
0964.jpg;51A01204
0965.jpg;51F06948
0966.jpg;51F06948
0967.jpg;51G39466
0968.jpg;51G39466
0969.jpg;51F07973
0970.jpg;51F07973
0971.jpg;51F61712
0972.jpg;51F61712
0973.jpg;51F88270
0974.jpg;51F88270
0975.jpg;51F88270
0976.jpg;51A25668
0977.jpg;51A25668
0978.jpg;
0979.jpg;
0980.jpg;51A69172
0981.jpg;51A69172
0982.jpg;51F16159
0983.jpg;
0984.jpg;61A22959
0985.jpg;61A22959
0986.jpg;51G10209
0987.jpg;51G10209
0988.jpg;52Z9755
0989.jpg;52Z9755
0990.jpg;51A89714
0991.jpg;51A89714
0992.jpg;51A96141
0993.jpg;51A96141
0994.jpg;51A96141
0995.jpg;51A96141
0996.jpg;51F44614
0997.jpg;51F44614
0998.jpg;51G51008
0999.jpg;51G51008
1000.jpg;51F24403
1001.jpg;5124403
1002.jpg;51A11122
1003.jpg;51G51332
1004.jpg;51G51332
1005.jpg;51F15585
1006.jpg;51F15585
1007.jpg;51F15585
1008.jpg;51F22261
1009.jpg;51F22261
1010.jpg;30V3993
1011.jpg;30V3993
1012.jpg;51A4032
1013.jpg;
1014.jpg;50E11297
1015.jpg;50G11297
1016.jpg;
1017.jpg;51B03271
1018.jpg;62H76356
1019.jpg;62A25781
1020.jpg;
1021.jpg;59S361475||59S309124||36B456087
1022.jpg;60C56611
1023.jpg;60C56611
1024.jpg;
1025.jpg;60K26831
1026.jpg;50E01296
1027.jpg;50E01296
1028.jpg;51K36443
1029.jpg;58D026685
1030.jpg;51G20995
1031.jpg;55X86135||60B579769
1032.jpg;51A61294
1033.jpg;
1034.jpg;
1035.jpg;
1036.jpg;59YL08156
1037.jpg;
1038.jpg;
1039.jpg;51K50896
1040.jpg;51A18281
1041.jpg;51H69031
1042.jpg;15L677808
1043.jpg;29H50138
1044.jpg;35B250885
1045.jpg;51F09900||35B276086
1046.jpg;51D067938
1047.jpg;51C02697
1048.jpg;79A18768
1049.jpg;61O78671
1050.jpg;59X198036
1051.jpg;55X25657||77F180808
1052.jpg;52S43401||63P176980
1053.jpg;59X195330||54X10369
1054.jpg;60B356563||61D222257
1055.jpg;78H155105
1056.jpg;77C177309||78B102230||62P239786
1057.jpg;59D302230||93L152376
1058.jpg;59C109776
1059.jpg;51G31594
1060.jpg;
1061.jpg;51F90098
1062.jpg;51G99627
1063.jpg;79A05304
1064.jpg;51K10146
1065.jpg;
1066.jpg;59C164460
1067.jpg;51B35470||168538||54S65046
1068.jpg;59X518408||67P051609
1069.jpg;51G09348
1070.jpg;51G51717
1071.jpg;50X111589
1072.jpg;
1073.jpg;60G00061
1074.jpg;38A27374
1075.jpg;59P168112
1076.jpg;76B141873
1077.jpg;77H61141
1078.jpg;66N96113
1079.jpg;51G95189
1080.jpg;59X139458||51K41215
1081.jpg;59X139458||51K41215
1082.jpg;88F139871||59X139458
1083.jpg;59X832043||15P01039
1084.jpg;159780
1085.jpg;59E36832
1086.jpg;59S219202
1087.jpg;59L21901||51F82338
1088.jpg;
1089.jpg;27B306007||55IR2590||8313885
1090.jpg;
1091.jpg;
1092.jpg;63B615742
1093.jpg;59X401375||5225615
1094.jpg;51H47216
1095.jpg;82K010229
1096.jpg;90P720536
1097.jpg;998249
1098.jpg;61B165552
1099.jpg;
1100.jpg;60F312227||59F122797
1101.jpg;51E16559
1102.jpg;59X411844
1103.jpg;15X931856
1104.jpg;126786
1105.jpg;59X173185||50RH6150
1106.jpg;94K128726||63L39471||31B26788
1107.jpg;94K14726||51B26786
1108.jpg;
1109.jpg;81A23618
1110.jpg;81A23518
1111.jpg;60A81861||59X0550
1112.jpg;51D31857
1113.jpg;51D31967
1114.jpg;59X198977||51H52953
1115.jpg;59X90004||5101082
1116.jpg;81X9880
1117.jpg;51H63787
1118.jpg;59X704874
1119.jpg;51K27027
1120.jpg;5100767
1121.jpg;51G92231
1122.jpg;5123283
1123.jpg;47L119565
1124.jpg;67B003947||51G84904||54B249386
1125.jpg;51G32506
1126.jpg;60RZ9013
1127.jpg;59V355647
1128.jpg;50ER59122
1129.jpg;53D177510
1130.jpg;59Z22491
1131.jpg;67H748625
1132.jpg;59X64893
1133.jpg;59X155679
1134.jpg;55X20488
1135.jpg;90B165210||153315
1136.jpg;59N296240
1137.jpg;51K02473
1138.jpg;51L23887||51K73054
1139.jpg;55X24966
1140.jpg;
1141.jpg;23H149113||16Z22701
1142.jpg;1510799
1143.jpg;
1144.jpg;
1145.jpg;50LO1876
1146.jpg;
1147.jpg;59X161325
1148.jpg;51G39396
1149.jpg;
1150.jpg;50X108994
1151.jpg;51D60974
1152.jpg;15P55997
1153.jpg;5189140
1154.jpg;51H69432
1155.jpg;36L67545||59E65195||60FZ54982
1156.jpg;
1157.jpg;51H69860
1158.jpg;37B178235||169860
1159.jpg;51F79385
1160.jpg;
1161.jpg;37E40520
1162.jpg;53L114523
1163.jpg;50L715755
1164.jpg;59S291904
1165.jpg;
1166.jpg;
1167.jpg;
1168.jpg;51D89366
1169.jpg;55X100647
1170.jpg;59X317162||33E17505
1171.jpg;60HT49780||58Z312162
1172.jpg;39L18569||51EC8695
1173.jpg;60F16272||67H185418||51H14573
1174.jpg;
1175.jpg;52X35035
1176.jpg;
1177.jpg;
1178.jpg;51H69860
1179.jpg;60Z40023
1180.jpg;60Z40023
1181.jpg;60Z40023||16D83561
1182.jpg;600023||59X37844||60E64221
1183.jpg;60Z40023
1184.jpg;59C320025
1185.jpg;59X194293
1186.jpg;60B862972
1187.jpg;
1188.jpg;59Z101922
1189.jpg;59Z101922
1190.jpg;60F135716
1191.jpg;60F135716
1192.jpg;59C144893
1193.jpg;55X118491
1194.jpg;69F135698
1195.jpg;
1196.jpg;69F135698
1197.jpg;81B193928
1198.jpg;51G38746
1199.jpg;51G38746
1200.jpg;
1201.jpg;59P226533
1202.jpg;60B877771
1203.jpg;51K37082
1204.jpg;71C263510
1205.jpg;51B17792
1206.jpg;8612891
1207.jpg;51G51188
1208.jpg;
1209.jpg;
1210.jpg;57E105745
1211.jpg;
1212.jpg;86B705475
1213.jpg;47X115491
1214.jpg;
1215.jpg;
1216.jpg;15A05545
1217.jpg;50E03287
1218.jpg;
1219.jpg;15P119581||51G30126
1220.jpg;51G72589
1221.jpg;51K414305
1222.jpg;
1223.jpg;60A32801
1224.jpg;51A00341
1225.jpg;51C02802
1226.jpg;
1227.jpg;51F32139
1228.jpg;51D02854
1229.jpg;
1230.jpg;67A00651
1231.jpg;51F55717
1232.jpg;
1233.jpg;
1234.jpg;66A20265
1235.jpg;
1236.jpg;
1237.jpg;51D50063
1238.jpg;61C924543
1239.jpg;51C05509
1240.jpg;51H33262
1241.jpg;51G94706
1242.jpg;
1243.jpg;51D35092||5512051
1244.jpg;51H95737
1245.jpg;55OH0652
1246.jpg;51C16406
1247.jpg;
1248.jpg;51K51275
1249.jpg;59V267157
1250.jpg;61C29046
1251.jpg;59X115436||5178694
1252.jpg;51H367569||51D36261
1253.jpg;51H67569||51D75426
1254.jpg;51H67569
1255.jpg;51H63681
1256.jpg;51K41413
1257.jpg;
1258.jpg;26D01050
1259.jpg;51D02795
1260.jpg;
1261.jpg;51HE14952
1262.jpg;51L20873
1263.jpg;63Y50720||5103806
1264.jpg;51H10572
1265.jpg;59E202192
1266.jpg;51A09798
1267.jpg;
1268.jpg;51G01313
1269.jpg;60B107222
1270.jpg;
1271.jpg;
1272.jpg;
1273.jpg;51G21576
1274.jpg;51H92296
1275.jpg;
1276.jpg;62A19484
1277.jpg;51F23429
1278.jpg;51H92296
1279.jpg;30L38958||5169371
1280.jpg;
1281.jpg;
1282.jpg;51H60996
1283.jpg;51B16677
1284.jpg;61E00914
1285.jpg;
1286.jpg;61B09851
1287.jpg;51B92295
1288.jpg;
1289.jpg;59X411142
1290.jpg;59X112676
1291.jpg;51C95340
1292.jpg;59X101267||51B06541
1293.jpg;59X12676||5135452
1294.jpg;59X112676||51F65471
1295.jpg;
1296.jpg;1852291
1297.jpg;59X165996
1298.jpg;
1299.jpg;
1300.jpg;59X411142||50E01215
1301.jpg;59X511142||50L00552
1302.jpg;51H92296
1303.jpg;
1304.jpg;51H92296
1305.jpg;50H10618
1306.jpg;
1307.jpg;51C95340
1308.jpg;60A84499
1309.jpg;59X11142||51H46350||52D13354
1310.jpg;51D80415
1311.jpg;51D80415
1312.jpg;
1313.jpg;50HE12953
1314.jpg;
1315.jpg;51D19050
1316.jpg;
1317.jpg;51D56415
1318.jpg;63C08838
1319.jpg;51G76010
1320.jpg;84K131546
1321.jpg;51D12970
1322.jpg;5101270
1323.jpg;51G28885
1324.jpg;67C13624||45L081055
1325.jpg;6205258
1326.jpg;
1327.jpg;
1328.jpg;61E00037
1329.jpg;51K17950
1330.jpg;
1331.jpg;
1332.jpg;51D19275
1333.jpg;62SZ1006
1334.jpg;51D57487
1335.jpg;51H21954
1336.jpg;51G27992
1337.jpg;61H136650
1338.jpg;51C92071
1339.jpg;
1340.jpg;
1341.jpg;51D81343
1342.jpg;
1343.jpg;59L700606
1344.jpg;
1345.jpg;
1346.jpg;
1347.jpg;
1348.jpg;50E000957
1349.jpg;
1350.jpg;78G123320
1351.jpg;
1352.jpg;59L28744
1353.jpg;66CT69632||56T157059
1354.jpg;51A74362
1355.jpg;
1356.jpg;92A10170
1357.jpg;
1358.jpg;50E06365||38Z72727
1359.jpg;59L289250
1360.jpg;
1361.jpg;84A03125
1362.jpg;60C54027||90B125631
1363.jpg;
1364.jpg;51K73245
1365.jpg;
1366.jpg;
1367.jpg;50X10262
1368.jpg;
1369.jpg;51G19579
1370.jpg;
1371.jpg;
1372.jpg;
1373.jpg;50E10295
1374.jpg;
1375.jpg;
1376.jpg;51G34738
1377.jpg;
1378.jpg;
1379.jpg;
1380.jpg;5103772
1381.jpg;
1382.jpg;89A90830
1383.jpg;
1384.jpg;
1385.jpg;
1386.jpg;51R33574
1387.jpg;59Z211524
1388.jpg;30S180508
1389.jpg;51G70432
1390.jpg;
1391.jpg;38L123157
1392.jpg;38L123157
1393.jpg;18A670549
1394.jpg;38L102315
1395.jpg;60C275408
1396.jpg;38L123157
1397.jpg;59X51847
1398.jpg;50VA7420||59F212643
1399.jpg;38L123157||60C275408
1400.jpg;59F224643||33D12385
1401.jpg;59F224643
1402.jpg;38L123157
1403.jpg;
1404.jpg;50YA7420||60Z065394
1405.jpg;66H101353
1406.jpg;60C295367||59EC22974
1407.jpg;
1408.jpg;59X460017
1409.jpg;93L590265
1410.jpg;59X460031
1411.jpg;
1412.jpg;59XL60017
1413.jpg;
1414.jpg;51H01962
1415.jpg;6088987
1416.jpg;59L257157
1417.jpg;61A12986||67ET0500
1418.jpg;
1419.jpg;51D77226
1420.jpg;37A53920
1421.jpg;51A93560
1422.jpg;
1423.jpg;41B52559
1424.jpg;
1425.jpg;51K020346
1426.jpg;51S73255
1427.jpg;
1428.jpg;59X127249
1429.jpg;
1430.jpg;59D20663
1431.jpg;59C270994
1432.jpg;59B149876
1433.jpg;
1434.jpg;59X223395
1435.jpg;59B149876
1436.jpg;59CA01056
1437.jpg;59X223395
1438.jpg;
1439.jpg;59D175530
1440.jpg;60H611357
1441.jpg;60C295219
1442.jpg;62K136663
1443.jpg;60C279027
1444.jpg;66T45570
1445.jpg;60C210081
1446.jpg;59P241572
1447.jpg;94D702767
1448.jpg;60B919744
1449.jpg;85B128415
1450.jpg;55P34645
1451.jpg;78E147440||77G139419
1452.jpg;47E140769||77G106029
1453.jpg;81B131382||37E54365
1454.jpg;77L160030
1455.jpg;59E30814||60D261516
1456.jpg;66M19850
1457.jpg;62L176938
1458.jpg;59F235184
1459.jpg;67H148066
1460.jpg;66V184185
1461.jpg;52L58936
1462.jpg;50C233954
1463.jpg;60C293130
1464.jpg;67H148066||65L171570
1465.jpg;59Z35184
1466.jpg;62L69385
1467.jpg;
1468.jpg;
1469.jpg;77L160830
1470.jpg;85C106241
1471.jpg;81B141383
1472.jpg;59B133216
1473.jpg;52L39337
1474.jpg;
1475.jpg;77G160295
1476.jpg;47E140769
1477.jpg;77G139419
1478.jpg;47C136750
1479.jpg;60C232596
1480.jpg;85B128415
1481.jpg;59C292265
1482.jpg;
1483.jpg;54X46647
1484.jpg;86B161032
1485.jpg;59B128398||55P34645
1486.jpg;51P21467||86B264987
1487.jpg;59B157182||59B131651
1488.jpg;93P139004
1489.jpg;60C239219
1490.jpg;55NL3634
1491.jpg;59B154011
1492.jpg;60D279027
1493.jpg;60H611357
1494.jpg;37N18000
1495.jpg;60CZ95219
1496.jpg;
1497.jpg;59D175530||60C289440
1498.jpg;59CA01056||59L293392
1499.jpg;59S204463||59CA01056||60C271343
1500.jpg;60C295287
1501.jpg;60C249679||60B608783
1502.jpg;59E149136||60B608783
1503.jpg;59B144032
1504.jpg;83C122190||63B279357
1505.jpg;62E130233||61D216751
1506.jpg;59C248758
1507.jpg;59P166480
1508.jpg;59E121500
1509.jpg;59L206377
1510.jpg;59C765337
1511.jpg;59T108264
1512.jpg;59T108264
1513.jpg;52D78693
1514.jpg;59F168955
1515.jpg;63B957926
1516.jpg;59V107473
1517.jpg;59H154986
1518.jpg;59F113860
1519.jpg;
1520.jpg;59C251109
1521.jpg;59C165331
1522.jpg;59U139619
1523.jpg;59C165331
1524.jpg;60B555723
1525.jpg;
1526.jpg;59F113860
1527.jpg;51FB4779
1528.jpg;60B531402
1529.jpg;59F107509
1530.jpg;63B957926
1531.jpg;60X46482
1532.jpg;37H107918
1533.jpg;59F116717
1534.jpg;52D45702
1535.jpg;59M190977
1536.jpg;77F130541
1537.jpg;59V184031
1538.jpg;59E113417
1539.jpg;59H154986
1540.jpg;67C105355
1541.jpg;63B957926
1542.jpg;59N769575
1543.jpg;59V107473
1544.jpg;66G715723
1545.jpg;67B187846
1546.jpg;59BT34917
1547.jpg;85F100417
1548.jpg;65S21319
1549.jpg;59V200285
1550.jpg;59D100507
1551.jpg;81B126810
1552.jpg;
1553.jpg;5424264
1554.jpg;59K190300
1555.jpg;51R576273
1556.jpg;59K190300
1557.jpg;84G122593
1558.jpg;59M03519
1559.jpg;
1560.jpg;
1561.jpg;
1562.jpg;62V16814
1563.jpg;52H99892
1564.jpg;
1565.jpg;59T188808
1566.jpg;59H105772
1567.jpg;59C162293
1568.jpg;59D139619
1569.jpg;54S24522
1570.jpg;65F131532
1571.jpg;59C116274
1572.jpg;84K34900
1573.jpg;59D170392
1574.jpg;59C168612
1575.jpg;49B131275
1576.jpg;62U77327
1577.jpg;54L24264
1578.jpg;59C165331
1579.jpg;59B135199
1580.jpg;54U52813
1581.jpg;54S16317
1582.jpg;59P152934
1583.jpg;59F170424
1584.jpg;51L41138
1585.jpg;54V25804
1586.jpg;59G198907
1587.jpg;51R56273
1588.jpg;59L197457
1589.jpg;86B341492
1590.jpg;94H41831
1591.jpg;60B157122
1592.jpg;59P141818
1593.jpg;59F170424
1594.jpg;59V215023
1595.jpg;65F131532
1596.jpg;598600
1597.jpg;59X268327
1598.jpg;67B181846
1599.jpg;59L54063
1600.jpg;94H41831
1601.jpg;54X45969
1602.jpg;59S216555
1603.jpg;5173998
1604.jpg;84G772259
1605.jpg;59C15610
1606.jpg;52P50334
1607.jpg;59D759897
1608.jpg;63Y10200
1609.jpg;30N45882
1610.jpg;59S236623
1611.jpg;59F138151
1612.jpg;59S216555
1613.jpg;52L26667
1614.jpg;43S26463
1615.jpg;51H23397
1616.jpg;59D159897
1617.jpg;59V183357
1618.jpg;60U23465
1619.jpg;54T15417
1620.jpg;59F138151
1621.jpg;59M153561
1622.jpg;77D137372
1623.jpg;59S131386
1624.jpg;59S236623
1625.jpg;63Y10200
1626.jpg;59C221098
1627.jpg;67L106669
1628.jpg;59S235205
1629.jpg;61D100626
1630.jpg;86B319858
1631.jpg;85D121869
1632.jpg;
1633.jpg;60B813705
1634.jpg;59H133046
1635.jpg;48F1856
1636.jpg;54V66004
1637.jpg;59X154497
1638.jpg;59N209050
1639.jpg;59S235205
1640.jpg;
1641.jpg;59F138151
1642.jpg;5977207
1643.jpg;59H162281
1644.jpg;60B801075
1645.jpg;59F149271
1646.jpg;59S208082
1647.jpg;59K740650
1648.jpg;59S131386
1649.jpg;59E164239
1650.jpg;
1651.jpg;59P183257
1652.jpg;59F149271
1653.jpg;59H119374
1654.jpg;59C139780
1655.jpg;59P133202
1656.jpg;59S131386
1657.jpg;83P167560
1658.jpg;59P220947
1659.jpg;59N187515
1660.jpg;54S22148
1661.jpg;86H79591
1662.jpg;59L777693
1663.jpg;59F120158
1664.jpg;47D117237
1665.jpg;59T154049
1666.jpg;59F129946
1667.jpg;59D125418
1668.jpg;59L227560
1669.jpg;59D162787
1670.jpg;
1671.jpg;41B42872
1672.jpg;59G133671
1673.jpg;47K108279
1674.jpg;59L205442
1675.jpg;60B734176
1676.jpg;
1677.jpg;59B100002
1678.jpg;82K37689
1679.jpg;59P117980
1680.jpg;54S89169
1681.jpg;59L106458
1682.jpg;59D135226
1683.jpg;52T79752
1684.jpg;59Y144665
1685.jpg;60B375220
1686.jpg;59H155699
1687.jpg;51S84605
1688.jpg;1593320
1689.jpg;59U166141
1690.jpg;59D135226
1691.jpg;
1692.jpg;
1693.jpg;60F140494
1694.jpg;79T26658
1695.jpg;85D10161
1696.jpg;
1697.jpg;52Z79752
1698.jpg;
1699.jpg;59V25884
1700.jpg;59N18751
1701.jpg;66P15739
1702.jpg;59F112329
1703.jpg;51Z30606
1704.jpg;54L39902
1705.jpg;47B142872
1706.jpg;54S55036
1707.jpg;59D166974
1708.jpg;59H146704
1709.jpg;54U57001
1710.jpg;59C211894
1711.jpg;59B131149
1712.jpg;59P133202
1713.jpg;59D149489
1714.jpg;59P229729
1715.jpg;59F175291
1716.jpg;59L227602
1717.jpg;60FP1469
1718.jpg;59C149744
1719.jpg;59Y102533
1720.jpg;54T56168
1721.jpg;54V58964
1722.jpg;79H120023
1723.jpg;59T192270
1724.jpg;60B628032
1725.jpg;59U101985
1726.jpg;59M197582
1727.jpg;59C245928
1728.jpg;59ET12903
1729.jpg;61D106403
1730.jpg;67B140833
1731.jpg;59H156390
1732.jpg;59F147488
1733.jpg;
1734.jpg;59D16141
1735.jpg;59L84759
1736.jpg;59V158723
1737.jpg;54A30255
1738.jpg;59X160210
1739.jpg;59L223717
1740.jpg;64D713241
1741.jpg;59S114883
1742.jpg;
1743.jpg;59S174613
1744.jpg;59C123968
1745.jpg;60B816455
1746.jpg;60B186436
1747.jpg;59L59484
1748.jpg;59P163138
1749.jpg;59ZT27275
1750.jpg;61C106403
1751.jpg;59Y142323
1752.jpg;59L229477
1753.jpg;
1754.jpg;59E164141
1755.jpg;77F120741
1756.jpg;
1757.jpg;
1758.jpg;59L202084
1759.jpg;
1760.jpg;59X281467
1761.jpg;84K51618
1762.jpg;59F114760
1763.jpg;54S89169
1764.jpg;49M71975
1765.jpg;59T192270
1766.jpg;59T103506
1767.jpg;59P231316
1768.jpg;5903640
1769.jpg;60Y73914
1770.jpg;59PY1580
1771.jpg;59C224729
1772.jpg;93P106312
1773.jpg;51L82105
1774.jpg;59D149489
1775.jpg;
1776.jpg;59L154063
1777.jpg;52F86932
1778.jpg;
1779.jpg;59M121704
1780.jpg;59C705899
1781.jpg;59C139700
1782.jpg;60C232301
1783.jpg;55P56876
1784.jpg;59C244011
1785.jpg;77C139373
1786.jpg;59D179751
1787.jpg;5961654
1788.jpg;53V97976
1789.jpg;60B628032
1790.jpg;5960817
1791.jpg;
1792.jpg;63B738786
1793.jpg;59C205920
1794.jpg;54Y38211
1795.jpg;59P187149
1796.jpg;60B523822
1797.jpg;
1798.jpg;47N69618
1799.jpg;86B608797
1800.jpg;29C120902
1801.jpg;60B337534
1802.jpg;59E164141
1803.jpg;5517546
1804.jpg;63B222794
1805.jpg;59X203754
1806.jpg;66L135224
1807.jpg;54L39902
1808.jpg;52F39280
1809.jpg;59H70791
1810.jpg;
1811.jpg;59P189739
1812.jpg;59S115133
1813.jpg;67F711317
1814.jpg;62T22767
1815.jpg;59S218904
1816.jpg;59V187754
1817.jpg;59S111289
1818.jpg;59T03519
1819.jpg;59L107858
1820.jpg;53F131469
1821.jpg;59Y160817
1822.jpg;59K183235
1823.jpg;
1824.jpg;60B736638
1825.jpg;85B117851
1826.jpg;
1827.jpg;
1828.jpg;59V243654
1829.jpg;59D146288
1830.jpg;59L2237
1831.jpg;59P231316
1832.jpg;59E125297
1833.jpg;59S220617
1834.jpg;59E116897
1835.jpg;59S227831
1836.jpg;59P155811
1837.jpg;59C201909
1838.jpg;
1839.jpg;59T155500
1840.jpg;77C139373
1841.jpg;93P151740
1842.jpg;59L144802
1843.jpg;66P15967
1844.jpg;59F147404
1845.jpg;51H30234
1846.jpg;51L74255
1847.jpg;54P11782
1848.jpg;85S15378
1849.jpg;51L33664
1850.jpg;
1851.jpg;59F131469
1852.jpg;54T28101
1853.jpg;59P220947
1854.jpg;54D14469
1855.jpg;59N272061
1856.jpg;5953668
1857.jpg;51H25512
1858.jpg;60B628032
1859.jpg;52F64378
1860.jpg;38Z10084
1861.jpg;63B703323
1862.jpg;59P230351
1863.jpg;59M36452
1864.jpg;
1865.jpg;59N118063
1866.jpg;49B104182
1867.jpg;86H79591
1868.jpg;54S14959
1869.jpg;85B117851
1870.jpg;51T42133
1871.jpg;62H136169
1872.jpg;60B628032
1873.jpg;59E108058
1874.jpg;59S168287
1875.jpg;59L759150
1876.jpg;51Y67665
1877.jpg;55P44641
1878.jpg;54S14959
1879.jpg;59T151002
1880.jpg;59K165072
1881.jpg;59S153418
1882.jpg;
1883.jpg;59T162133
1884.jpg;59M121704
1885.jpg;65S21319
1886.jpg;85F114927
1887.jpg;
1888.jpg;54D51223
1889.jpg;79H160529
1890.jpg;60C123774
1891.jpg;59X256462
1892.jpg;60P71246
1893.jpg;
1894.jpg;
1895.jpg;59D145476
1896.jpg;59T156987
1897.jpg;
1898.jpg;86B624682
1899.jpg;59K115468
1900.jpg;59N100018
1901.jpg;54X95114
1902.jpg;59T760830
1903.jpg;59T23865
1904.jpg;455190
1905.jpg;59B135294
1906.jpg;59U145781
1907.jpg;59H143986
1908.jpg;61D107911
1909.jpg;59V159716
1910.jpg;59T101439
1911.jpg;66P15967
1912.jpg;54T16084
1913.jpg;79K78987
1914.jpg;59L231395
1915.jpg;59M176054
1916.jpg;59E168785
1917.jpg;59V215800
1918.jpg;65H90714
1919.jpg;79T118589
1920.jpg;51M21719
1921.jpg;54L64897
1922.jpg;34K23664
1923.jpg;51V44579
1924.jpg;
1925.jpg;59V188114
1926.jpg;51H48354
1927.jpg;62L32746
1928.jpg;81B161386
1929.jpg;59N125521
1930.jpg;
1931.jpg;59C139916
1932.jpg;59T128966
1933.jpg;59F156129
1934.jpg;59C230513
1935.jpg;59C142818
1936.jpg;59L56378
1937.jpg;60B223567
1938.jpg;59S173873
1939.jpg;5921704
1940.jpg;59C148275
1941.jpg;
1942.jpg;59P189267
1943.jpg;54X26487
1944.jpg;
1945.jpg;59H102876
1946.jpg;
1947.jpg;59X277399
1948.jpg;51K28501
1949.jpg;59G187671
1950.jpg;59X278848
1951.jpg;56P19074
1952.jpg;
1953.jpg;59K162404
1954.jpg;59S241737
1955.jpg;53R88556
1956.jpg;59P224379
1957.jpg;59C245633
1958.jpg;83H66954
1959.jpg;59T179742
1960.jpg;59X149369
1961.jpg;53R90844
1962.jpg;59X235479
1963.jpg;59L194176
1964.jpg;59P201920
1965.jpg;59V250884
1966.jpg;49F108660
1967.jpg;
1968.jpg;54S73211
1969.jpg;59F145842
1970.jpg;59D206428
1971.jpg;49M71975
1972.jpg;59N174939
1973.jpg;
1974.jpg;59X145128
1975.jpg;86H79591
1976.jpg;51L80104
1977.jpg;59C132428
1978.jpg;59X278848
1979.jpg;59L213938
1980.jpg;49KE07320
1981.jpg;59N174864
1982.jpg;60BZ23567
1983.jpg;59G232386
1984.jpg;50HB2282
1985.jpg;66S109018
1986.jpg;59B133968
1987.jpg;59E134192
1988.jpg;59T784807
1989.jpg;59C113183
1990.jpg;50L117779
1991.jpg;49K107320
1992.jpg;18S37011
1993.jpg;91B20807
1994.jpg;62V16814
1995.jpg;59Y164837
1996.jpg;
1997.jpg;60C236687
1998.jpg;59C131162
1999.jpg;52D176733
2000.jpg;
2001.jpg;59T164417
2002.jpg;
2003.jpg;
2004.jpg;
2005.jpg;60B562583
2006.jpg;59T159973
2007.jpg;94D704771
2008.jpg;59N125521
2009.jpg;
2010.jpg;59V200884
2011.jpg;66K120670
2012.jpg;
2013.jpg;59L44716
2014.jpg;59N747102
2015.jpg;51S2503
2016.jpg;63H27326
2017.jpg;59L191651
2018.jpg;47R14301
2019.jpg;60B206370
2020.jpg;59Y187304
2021.jpg;93P117409
2022.jpg;60B325220
2023.jpg;48B128807
2024.jpg;37K4673
2025.jpg;59E165903
2026.jpg;
2027.jpg;52S37078
2028.jpg;59E134192
2029.jpg;59S273546
2030.jpg;51P54578
2031.jpg;59P112875
2032.jpg;59L136261
2033.jpg;59T159973
2034.jpg;54H15326
2035.jpg;59V189158
2036.jpg;59M760077
2037.jpg;50N107428
2038.jpg;55P62004
2039.jpg;54R47039
2040.jpg;59S135252
2041.jpg;59D143391
2042.jpg;64K47483
2043.jpg;51V44579
2044.jpg;
2045.jpg;54P72138
2046.jpg;61D107911
2047.jpg;60X92808
2048.jpg;63B132004
2049.jpg;81B126810
2050.jpg;59N147102
2051.jpg;59P211120
2052.jpg;54X41983
2053.jpg;15P156150
2054.jpg;59H159324
2055.jpg;54L42110
2056.jpg;59D157674
2057.jpg;86C107261
2058.jpg;59P200263
2059.jpg;54H75326
2060.jpg;
2061.jpg;77C139373
2062.jpg;51L34827
2063.jpg;43D106544
2064.jpg;5902309
2065.jpg;59E119283
2066.jpg;59F103055
2067.jpg;59ET64516
2068.jpg;59D765072
2069.jpg;59E119803
2070.jpg;59N173948
2071.jpg;59KT02625
2072.jpg;79D107705
2073.jpg;59N176654
2074.jpg;59F103568
2075.jpg;51L034827
2076.jpg;
2077.jpg;92D142705
2078.jpg;59S228834
2079.jpg;59E156347
2080.jpg;59F115042
2081.jpg;59K164227
2082.jpg;56P25963
2083.jpg;54K48147
2084.jpg;59C753993
2085.jpg;
2086.jpg;63H31295
2087.jpg;51K61392
2088.jpg;59S153418
2089.jpg;59S195382
2090.jpg;59S244717
2091.jpg;86C133139
2092.jpg;53T23502
2093.jpg;59H154289
2094.jpg;59F109031
2095.jpg;78E124101
2096.jpg;67ET05420
2097.jpg;51Z30606
2098.jpg;59H140639
2099.jpg;59T138506
2100.jpg;59S174203
2101.jpg;59F158405
2102.jpg;59S232928
2103.jpg;79D24621
2104.jpg;59S254455
2105.jpg;47B142642
2106.jpg;54R24924
2107.jpg;60B236161
2108.jpg;5965550
2109.jpg;61H17550
2110.jpg;59C161891
2111.jpg;59S131797
2112.jpg;59L205442
2113.jpg;59X236167
2114.jpg;59C104054
2115.jpg;77D112938
2116.jpg;59T118362
2117.jpg;59D139997
2118.jpg;59T105297
2119.jpg;59N243756
2120.jpg;
2121.jpg;
2122.jpg;59EN7604
2123.jpg;5183123
2124.jpg;54L12473
2125.jpg;59D13820
2126.jpg;59L156720
2127.jpg;54S85489
2128.jpg;54N56409
2129.jpg;59E129660
2130.jpg;5946107
2131.jpg;59P152639
2132.jpg;61H59381
2133.jpg;59H152850
2134.jpg;5966153
2135.jpg;59B122119
2136.jpg;59E105504
2137.jpg;59S139487
2138.jpg;53R50201
2139.jpg;59N161776
2140.jpg;
2141.jpg;62K117929
2142.jpg;59F109596
2143.jpg;59F118814
2144.jpg;59K43840
2145.jpg;59F126626
2146.jpg;86B621890
2147.jpg;79C132217
2148.jpg;54S22148
2149.jpg;59D101978
2150.jpg;59C149684
2151.jpg;59E129565
2152.jpg;64D721888
2153.jpg;59S710393
2154.jpg;59P211206
2155.jpg;77Y34619
2156.jpg;62K117929
2157.jpg;59E117936
2158.jpg;66L135224
2159.jpg;59C163631
2160.jpg;59C161891
2161.jpg;59V208341
2162.jpg;59E53127
2163.jpg;54R22733
2164.jpg;67H103655
2165.jpg;
2166.jpg;49E115383
2167.jpg;59T105297
2168.jpg;63B963040
2169.jpg;59H167791
2170.jpg;51K28501
2171.jpg;
2172.jpg;59H167791
2173.jpg;54T73400
2174.jpg;59C12785
2175.jpg;52F73840
2176.jpg;54P72138
2177.jpg;59H119374
2178.jpg;51S63577
2179.jpg;51X91894
2180.jpg;79Z104811
2181.jpg;59L08275
2182.jpg;59H167791
2183.jpg;59C30923
2184.jpg;77H67229
2185.jpg;59H167791
2186.jpg;53Z11759
2187.jpg;5945900
2188.jpg;59Y171364
2189.jpg;
2190.jpg;81H12204
2191.jpg;55X17546
2192.jpg;59D159175
2193.jpg;54L29072
2194.jpg;59ET70535
2195.jpg;5916392
2196.jpg;59K113099
2197.jpg;60F161750
2198.jpg;63B216353
2199.jpg;59E142530
2200.jpg;54P72138
2201.jpg;59X296553
2202.jpg;59X137438
2203.jpg;
2204.jpg;59L205442
2205.jpg;
2206.jpg;59S251095
2207.jpg;59M707790
2208.jpg;52F41035
2209.jpg;
2210.jpg;59S181834
2211.jpg;59P133458
2212.jpg;52P20878
2213.jpg;66L36400
2214.jpg;59V245387
2215.jpg;67H23789
2216.jpg;54P83069
2217.jpg;47H75226
2218.jpg;59P232334
2219.jpg;82B126169
2220.jpg;59X136052
2221.jpg;78D108469
2222.jpg;16L90826
2223.jpg;59S228834
2224.jpg;59B131489
2225.jpg;59S155483
2226.jpg;83D717771
2227.jpg;59P218900
2228.jpg;52U62655
2229.jpg;54V38314
2230.jpg;51X91894
2231.jpg;62S35031
2232.jpg;59L232473
2233.jpg;77L100895
2234.jpg;60B337846
2235.jpg;57H58092
2236.jpg;66P15739
2237.jpg;54L42443
2238.jpg;54K16483
2239.jpg;54F30096
2240.jpg;60E193113
2241.jpg;59E153127
2242.jpg;59B138559
2243.jpg;36F42678
2244.jpg;
2245.jpg;59F162919
2246.jpg;59F147404
2247.jpg;54L36961
2248.jpg;59C219200
2249.jpg;59U15177
2250.jpg;
2251.jpg;59P234276
2252.jpg;
2253.jpg;59H104425
2254.jpg;59N101425
2255.jpg;60C165829
2256.jpg;77L63369
2257.jpg;54D46484
2258.jpg;59P147969
2259.jpg;60B849928
2260.jpg;49E115383
2261.jpg;54T12997
2262.jpg;59S187231
2263.jpg;59V109869
2264.jpg;
2265.jpg;59FA00597
2266.jpg;59T132229
2267.jpg;52F37458
2268.jpg;51X91894
2269.jpg;52S24832
2270.jpg;77H719025
2271.jpg;60Z77813
2272.jpg;53X66017
2273.jpg;63B140991
2274.jpg;55P48831
2275.jpg;59P192893
2276.jpg;63B140991
2277.jpg;54F30667
2278.jpg;59D120255
2279.jpg;59Y171364
2280.jpg;51R42488
2281.jpg;77F130577
2282.jpg;53X66071
2283.jpg;60B938385
2284.jpg;59F137316
2285.jpg;559833
2286.jpg;59H152512
2287.jpg;54Y99149
2288.jpg;59Z120681
2289.jpg;54T19588
2290.jpg;59S211998
2291.jpg;59E165653
2292.jpg;54H14882
2293.jpg;54P76177
2294.jpg;54T17232
2295.jpg;
2296.jpg;54U57119
2297.jpg;59G785820
2298.jpg;49E115383
2299.jpg;59Y191982
2300.jpg;61G125122
2301.jpg;51P98308
2302.jpg;
2303.jpg;51K59102
2304.jpg;59P208324
2305.jpg;59C242504
2306.jpg;51S50082
2307.jpg;78N25203
2308.jpg;59L113826
2309.jpg;59P197255
2310.jpg;59P124497
2311.jpg;16E861342
2312.jpg;59F142819
2313.jpg;
2314.jpg;54P28057
2315.jpg;
2316.jpg;51L38385
2317.jpg;59X257178
2318.jpg;79N16788
2319.jpg;59L181006
2320.jpg;59L231395
2321.jpg;59H119466
2322.jpg;53F132246
2323.jpg;59X137438
2324.jpg;52F33586
2325.jpg;54T20810
2326.jpg;
2327.jpg;59Z113930
2328.jpg;59L89475
2329.jpg;81H12204
2330.jpg;54L42443
2331.jpg;59U793221
2332.jpg;59P125512
2333.jpg;59T146685
2334.jpg;52N52030
2335.jpg;82H108866
2336.jpg;59Y171364
2337.jpg;59L182243
2338.jpg;
2339.jpg;60F201949
2340.jpg;54P81515
2341.jpg;54S22148
2342.jpg;61H109139
2343.jpg;59S229969
2344.jpg;60C161975
2345.jpg;92N103003
2346.jpg;63S20246
2347.jpg;79H57630
2348.jpg;59X294270
2349.jpg;50K201224
2350.jpg;82B119789
2351.jpg;94E119317
2352.jpg;85R83682
2353.jpg;59C227415
2354.jpg;59L100246
2355.jpg;59E172301
2356.jpg;59L150899
2357.jpg;59V245506
2358.jpg;59V171541
2359.jpg;59P133163
2360.jpg;59P183738
2361.jpg;59H125460
2362.jpg;66H60786
2363.jpg;59P139355
2364.jpg;59B125157
2365.jpg;52L56177
2366.jpg;
2367.jpg;59S231606
2368.jpg;59H146204
2369.jpg;59U155529
2370.jpg;59G115255
2371.jpg;51R52701
2372.jpg;5436239
2373.jpg;59L211500
2374.jpg;59U184366
2375.jpg;59T159973
2376.jpg;59T129613
2377.jpg;59M761406
2378.jpg;5335614
2379.jpg;61C152787
2380.jpg;59E100179
2381.jpg;59P197255
2382.jpg;61D112878
2383.jpg;59C246326
2384.jpg;82H108866
2385.jpg;51F91341
2386.jpg;60C200684
2387.jpg;59VA00843
2388.jpg;90Z101247
2389.jpg;
2390.jpg;59ST94422
2391.jpg;59C123083
2392.jpg;59FA00982
2393.jpg;59C244333
2394.jpg;59H721704
2395.jpg;81G113556
2396.jpg;59M07790
2397.jpg;59L46685
2398.jpg;59M171443
2399.jpg;59H146704
2400.jpg;50P186084
2401.jpg;60B511827
2402.jpg;67B169660
2403.jpg;59D149726
2404.jpg;59F136564
2405.jpg;59S208082
2406.jpg;59P231316
2407.jpg;54P72138
2408.jpg;59K122599
2409.jpg;5907790
2410.jpg;59H154792
2411.jpg;59P232334
2412.jpg;67G106716
2413.jpg;59L92533
2414.jpg;59X137438
2415.jpg;54T20810
2416.jpg;59F171478
2417.jpg;59L214999
2418.jpg;49B123354
2419.jpg;52Y35969
2420.jpg;5948183
2421.jpg;59E02993
2422.jpg;59N701425
2423.jpg;54S85452
2424.jpg;59X265176
2425.jpg;59D778039
2426.jpg;60FL7420
2427.jpg;59P211206
2428.jpg;
2429.jpg;59D213113
2430.jpg;52F73840
2431.jpg;43L104456
2432.jpg;49K120886
2433.jpg;51L30352
2434.jpg;59X740243
2435.jpg;59F154719
2436.jpg;
2437.jpg;59S124831
2438.jpg;59Y787724
2439.jpg;54S25505
2440.jpg;
2441.jpg;59P208324
2442.jpg;54S54376
2443.jpg;59P223103
2444.jpg;66N113034
2445.jpg;52F53512
2446.jpg;59S214940
2447.jpg;59Z119632
2448.jpg;
2449.jpg;60B711557
2450.jpg;77H106830
2451.jpg;77C122697
2452.jpg;59T126553
2453.jpg;59X255150
2454.jpg;59L13696
2455.jpg;59L231318
2456.jpg;
2457.jpg;93K114005
2458.jpg;59B133576
2459.jpg;59P189207
2460.jpg;59P185700
2461.jpg;59FA00982
2462.jpg;59D784366
2463.jpg;59C67071
2464.jpg;60C135331
2465.jpg;54S90621
2466.jpg;59H115793
2467.jpg;66P151993
2468.jpg;53V73196
2469.jpg;54H35587
2470.jpg;51L68446
2471.jpg;67H120886
2472.jpg;51L54520
2473.jpg;59C228114
2474.jpg;59FA00982
2475.jpg;59P188847
2476.jpg;59V233522
2477.jpg;54S85452
2478.jpg;59Z31395
2479.jpg;67M59687
2480.jpg;
2481.jpg;60B149139
2482.jpg;54S85452
2483.jpg;78H92348
2484.jpg;37E119145
2485.jpg;59H107751
2486.jpg;52Z87327
2487.jpg;79K102061
2488.jpg;59P232334
2489.jpg;59P232334
2490.jpg;54H44091
2491.jpg;54F23213
2492.jpg;59P178999
2493.jpg;59D198276
2494.jpg;55Y48437
2495.jpg;61S40134
2496.jpg;54F45279
2497.jpg;59T90208
2498.jpg;59F149759
2499.jpg;54S54463
2500.jpg;54S25505
2501.jpg;54S16830
2502.jpg;60F118319
2503.jpg;59T153485
2504.jpg;59T16567
2505.jpg;52Z67766
2506.jpg;53S39152
2507.jpg;59H143564
2508.jpg;59L13629
2509.jpg;
2510.jpg;59C231601
2511.jpg;62H57108
2512.jpg;93F117078
2513.jpg;
2514.jpg;59C201208
2515.jpg;78G104308
2516.jpg;59E170850
2517.jpg;190208
2518.jpg;15B938559
2519.jpg;54H14882
2520.jpg;59S109841
2521.jpg;59S247061
2522.jpg;81G113556
2523.jpg;60F150670
2524.jpg;
2525.jpg;59X275198
2526.jpg;55P92840
2527.jpg;5994458
2528.jpg;60B104034
2529.jpg;5436967
2530.jpg;55X86970
2531.jpg;67B169660
2532.jpg;78H102133
2533.jpg;50D250621
2534.jpg;52H40234
2535.jpg;51V23974
2536.jpg;59Z26310
2537.jpg;59F173270
2538.jpg;51H49707
2539.jpg;54F24106
2540.jpg;54R30018
2541.jpg;59D188728
2542.jpg;59S230319
2543.jpg;52P20878
2544.jpg;59F168564
2545.jpg;59T46204
2546.jpg;59D150216
2547.jpg;67B169660
2548.jpg;54X99300
2549.jpg;59F163186
2550.jpg;
2551.jpg;54U54316
2552.jpg;54V15558
2553.jpg;54U39055
2554.jpg;59F16517
2555.jpg;59S221969
2556.jpg;54L40987
2557.jpg;53V73196
2558.jpg;59V204212
2559.jpg;55P89613
2560.jpg;59L116511
2561.jpg;53Z11759
2562.jpg;59K122323
2563.jpg;59E108670
2564.jpg;63B929219
2565.jpg;59N100569
2566.jpg;52D49980
2567.jpg;54T56168
2568.jpg;59S706241
2569.jpg;59V209048
2570.jpg;61G104305
2571.jpg;78C119455
2572.jpg;59X121394
2573.jpg;59Z23164
2574.jpg;59V23815
2575.jpg;59X267951
2576.jpg;59H789404
2577.jpg;
2578.jpg;55X82215
2579.jpg;59L204775
2580.jpg;
2581.jpg;81G10066
2582.jpg;81G114710
2583.jpg;59C242200
2584.jpg;59P221181
2585.jpg;52H48060
2586.jpg;62P151909
2587.jpg;67B100979
2588.jpg;
2589.jpg;59E162847
2590.jpg;59P171756
2591.jpg;54X37676
2592.jpg;59B103468
2593.jpg;59P211073
2594.jpg;59H760591
2595.jpg;79Z15804
2596.jpg;59L35703
2597.jpg;59L167824
2598.jpg;
2599.jpg;59VZ44588
2600.jpg;60B236912
2601.jpg;
2602.jpg;
2603.jpg;54N46324
2604.jpg;
2605.jpg;59D167393
2606.jpg;16F26303
2607.jpg;59S226754
2608.jpg;
2609.jpg;59B137858
2610.jpg;
2611.jpg;47D101871
2612.jpg;59V248612
2613.jpg;49K127144
2614.jpg;54T34407
2615.jpg;59D217244
2616.jpg;5939380
2617.jpg;22H51198
2618.jpg;59T55192
2619.jpg;16L26315
2620.jpg;59C255006
2621.jpg;83P199696
2622.jpg;59K144076
2623.jpg;60T77586
2624.jpg;50N102654
2625.jpg;
2626.jpg;54L51899
2627.jpg;59Z12978
2628.jpg;59V153310
2629.jpg;66P15739
2630.jpg;5996591
2631.jpg;60F204565
2632.jpg;59F114064
2633.jpg;79N209854
2634.jpg;54X45335
2635.jpg;49G109999
2636.jpg;54L18817
2637.jpg;60B608880
2638.jpg;60B715461
2639.jpg;
2640.jpg;59C204837
2641.jpg;
2642.jpg;59L138765
2643.jpg;83C127234
2644.jpg;59X732817
2645.jpg;59D156452
2646.jpg;52K38683
2647.jpg;43HT6799
2648.jpg;9028098
2649.jpg;59X156479
2650.jpg;79Z116792
2651.jpg;54S13034
2652.jpg;
2653.jpg;
2654.jpg;59D152884
2655.jpg;59D188728
2656.jpg;54S73211
2657.jpg;59C257492
2658.jpg;59K184015
2659.jpg;59H135460
2660.jpg;47B199864
2661.jpg;49B103126
2662.jpg;54S46869
2663.jpg;59D174675
2664.jpg;61B161878
2665.jpg;59N144291
2666.jpg;5987564
2667.jpg;59L178582
2668.jpg;59F103055
2669.jpg;54H35581
2670.jpg;50DC3878
2671.jpg;49E139941
2672.jpg;37H110401
2673.jpg;59X121394
2674.jpg;77F125389
2675.jpg;59D113868
2676.jpg;5914860
2677.jpg;59D159989
2678.jpg;51H22933
2679.jpg;54T54498
2680.jpg;59G112671
2681.jpg;59P198876
2682.jpg;59T174453
2683.jpg;55P23999
2684.jpg;51K38796
2685.jpg;59P194751
2686.jpg;59S240065
2687.jpg;59C201909
2688.jpg;
2689.jpg;59G139357
2690.jpg;54P11782
2691.jpg;51R42488
2692.jpg;59E153139
2693.jpg;59L08275
2694.jpg;59V152755
2695.jpg;
2696.jpg;54A78344
2697.jpg;33M73521
2698.jpg;59S117816
2699.jpg;59V722709
2700.jpg;59V185584
2701.jpg;59T122189
2702.jpg;81B137963
2703.jpg;59K22599
2704.jpg;51S91699
2705.jpg;59B119240
2706.jpg;59C106231
2707.jpg;59A308077
2708.jpg;51K21103
2709.jpg;59F132210
2710.jpg;59E151207
2711.jpg;54X72899
2712.jpg;59P214706
2713.jpg;59P236511
2714.jpg;52Z65067
2715.jpg;84L131408
2716.jpg;78C114748
2717.jpg;54P73985
2718.jpg;52X47344
2719.jpg;62K85607
2720.jpg;51H30809
2721.jpg;59M188418
2722.jpg;59E118370
2723.jpg;5450882
2724.jpg;67B108595
2725.jpg;59F111299
2726.jpg;49P10580
2727.jpg;49K139272
2728.jpg;52F53512
2729.jpg;59L214999
2730.jpg;59H156197
2731.jpg;57L32640
2732.jpg;55P87062
2733.jpg;59T123977
2734.jpg;59S191667
2735.jpg;59D161110
2736.jpg;55P81120
2737.jpg;52U83666
2738.jpg;64Z12383
2739.jpg;59T97489
2740.jpg;59Y276796
2741.jpg;59S114991
2742.jpg;56P16734
2743.jpg;59T183013
2744.jpg;59S159559
2745.jpg;51X94654
2746.jpg;59S232928
2747.jpg;59S201572
2748.jpg;54K34770
2749.jpg;61N40663
2750.jpg;59C258256
2751.jpg;59B140870
2752.jpg;59H119466
2753.jpg;86C107261
2754.jpg;67B140833
2755.jpg;59P220770
2756.jpg;59T135997
2757.jpg;
2758.jpg;54Y93476
2759.jpg;59I185717
2760.jpg;52F38889
2761.jpg;59U172979
2762.jpg;59L47096
2763.jpg;79H58812
2764.jpg;59S106865
2765.jpg;59L79742
2766.jpg;
2767.jpg;55P8426
2768.jpg;59T131340
2769.jpg;59P133768
2770.jpg;60Y22445
2771.jpg;59Y167452
2772.jpg;59C55980
2773.jpg;
2774.jpg;59E132886
2775.jpg;54F44078
2776.jpg;53V48609
2777.jpg;59E170762
2778.jpg;59V155320
2779.jpg;54H25463
2780.jpg;52P49134
2781.jpg;78N25203
2782.jpg;59T173281
2783.jpg;
2784.jpg;54V79675
2785.jpg;59N107195
2786.jpg;59C722851
2787.jpg;
2788.jpg;59T60886
2789.jpg;50BA5557
2790.jpg;79T161018
2791.jpg;54S88080
2792.jpg;54F39952
2793.jpg;59F108501
2794.jpg;
2795.jpg;85D105960
2796.jpg;
2797.jpg;59T127908
2798.jpg;59H141855
2799.jpg;59D120274
2800.jpg;62P753221
2801.jpg;66N110547
2802.jpg;54L59913
2803.jpg;54F28259
2804.jpg;39F15014
2805.jpg;61Z12662
2806.jpg;59D148850
2807.jpg;61X23244
2808.jpg;59L55417
2809.jpg;
2810.jpg;55P67093
2811.jpg;67E106667
2812.jpg;54D44199
2813.jpg;54S58960
2814.jpg;
2815.jpg;59P126989
2816.jpg;63B346905
2817.jpg;83PZ13173
2818.jpg;59K186559
2819.jpg;59U174283
2820.jpg;52T74640
2821.jpg;59K120173
2822.jpg;47L10991
2823.jpg;
2824.jpg;59T181439
2825.jpg;53S77589
2826.jpg;59L110989
2827.jpg;63B436920
2828.jpg;53S62722
2829.jpg;93B117085
2830.jpg;54Z32172
2831.jpg;62GT09736
2832.jpg;59U174490
2833.jpg;59S208338
2834.jpg;86B227765
2835.jpg;59E158284
2836.jpg;54F16743
2837.jpg;63H54588
2838.jpg;59T20243
2839.jpg;59H143700
2840.jpg;59E125297
2841.jpg;54V81990
2842.jpg;59D217148
2843.jpg;52F31770
2844.jpg;59A303615
2845.jpg;59T103617
2846.jpg;54S84120
2847.jpg;59P200263
2848.jpg;84A132547
2849.jpg;59P203165
2850.jpg;
2851.jpg;5927957
2852.jpg;59C747157
2853.jpg;59C123682
2854.jpg;59V246589
2855.jpg;
2856.jpg;86B114630
2857.jpg;59C139113
2858.jpg;59E231606
2859.jpg;14B18184
2860.jpg;59S245275
2861.jpg;59X149573
2862.jpg;
2863.jpg;78E124113
2864.jpg;55P60839
2865.jpg;63B512534
2866.jpg;59F170424
2867.jpg;59N87957
2868.jpg;59U151595
2869.jpg;
2870.jpg;59X124340
2871.jpg;54N95449
2872.jpg;59S231606
2873.jpg;86B622670
2874.jpg;54V39264
2875.jpg;59T127242
2876.jpg;59H197580
2877.jpg;59C262872
2878.jpg;54T52159
2879.jpg;59X297772
2880.jpg;59H143727
2881.jpg;
2882.jpg;59P211179
2883.jpg;59D109278
2884.jpg;59H160919
2885.jpg;59S231606
2886.jpg;5935415
2887.jpg;51LD5634
2888.jpg;59X291011
2889.jpg;59T164455
2890.jpg;54F37071
2891.jpg;59C143017
2892.jpg;67M25949
2893.jpg;51S57559
2894.jpg;47C115294
2895.jpg;59F132210
2896.jpg;51M27890
2897.jpg;60B552333
2898.jpg;59Y754776
2899.jpg;51R30737
2900.jpg;54R39587
2901.jpg;93F124985
2902.jpg;59T180203
2903.jpg;63F68477
2904.jpg;59X262721
2905.jpg;18P34145
2906.jpg;59D178262
2907.jpg;59T180203
2908.jpg;59C241473
2909.jpg;59B123468
2910.jpg;77F121626
2911.jpg;59T111692
2912.jpg;47C113770
2913.jpg;62L120995
2914.jpg;54U39055
2915.jpg;59V159230
2916.jpg;
2917.jpg;64C104262
2918.jpg;52P39520
2919.jpg;63B304426
2920.jpg;59M106028
2921.jpg;60B316397
2922.jpg;60U29890
2923.jpg;77X69544
2924.jpg;54T23353
2925.jpg;48B131442
2926.jpg;92L87156
2927.jpg;59H132122
2928.jpg;59D176947
2929.jpg;47C105644
2930.jpg;5130352
2931.jpg;59P198663
2932.jpg;
2933.jpg;54N46324
2934.jpg;59D165455
2935.jpg;59V109869
2936.jpg;33M73521
2937.jpg;51H24476
2938.jpg;59C257472
2939.jpg;54S44283
2940.jpg;59A308642
2941.jpg;54N64172
2942.jpg;59S159694
2943.jpg;49B105118
2944.jpg;93F126479
2945.jpg;59L211347
2946.jpg;59U186123
2947.jpg;49K138886
2948.jpg;
2949.jpg;59F175031
2950.jpg;62K51250
2951.jpg;59U162237
2952.jpg;54S19755
2953.jpg;55P71233
2954.jpg;59S144895
2955.jpg;55P10009
2956.jpg;54U57406
2957.jpg;
2958.jpg;
2959.jpg;59G125121
2960.jpg;59H734159
2961.jpg;79Z15804
2962.jpg;
2963.jpg;59F176597
2964.jpg;54V85033
2965.jpg;79L40995
2966.jpg;47K29950
2967.jpg;59N224614
2968.jpg;62KT09571
2969.jpg;59S175715
2970.jpg;60F141516
2971.jpg;59GT96577
2972.jpg;63V50914
2973.jpg;59F154573
2974.jpg;59S141803
2975.jpg;59C728740
2976.jpg;94K700202
2977.jpg;59F152478
2978.jpg;59S171398
2979.jpg;59L749944
2980.jpg;84E126377
2981.jpg;59L197998
2982.jpg;59P223930
2983.jpg;52S24832
2984.jpg;67C108347
2985.jpg;52P87232
2986.jpg;59N753782
2987.jpg;83C117777
2988.jpg;54P24739
2989.jpg;59H763602
2990.jpg;78C123179
2991.jpg;59S223245
2992.jpg;
2993.jpg;59L18044
2994.jpg;51D147834
2995.jpg;47K29950
2996.jpg;81D100276
2997.jpg;
2998.jpg;59D132502
2999.jpg;54S46869
3000.jpg;62K110957
3001.jpg;59A308640
3002.jpg;59V218744
3003.jpg;59K185250
3004.jpg;59X141819
3005.jpg;59B135294
3006.jpg;59F182787
3007.jpg;59P129381
3008.jpg;59T145577
3009.jpg;85B102836
3010.jpg;
3011.jpg;51U74598
3012.jpg;59P166480
3013.jpg;
3014.jpg;62N136934
3015.jpg;54H33457
3016.jpg;51F69090
3017.jpg;59C116349
3018.jpg;59S199891
3019.jpg;59F118461
3020.jpg;59N193305
3021.jpg;63H51336
3022.jpg;59V192417
3023.jpg;59X169592
3024.jpg;59T162133
3025.jpg;54L125694
3026.jpg;47N90859
3027.jpg;59H152697
3028.jpg;54D25965
3029.jpg;63H31295
3030.jpg;5955424
3031.jpg;59E18343
3032.jpg;51H32153
3033.jpg;78K100677
3034.jpg;52D40050
3035.jpg;59S195762
3036.jpg;91B32267
3037.jpg;54L550314
3038.jpg;59M787668
3039.jpg;59V191460
3040.jpg;
3041.jpg;59M117877
3042.jpg;93E105119
3043.jpg;53P24531
3044.jpg;50XA5535
3045.jpg;
3046.jpg;94B119580
3047.jpg;59D106399
3048.jpg;59C256237
3049.jpg;54L69606
3050.jpg;59P200263
3051.jpg;43G113684
3052.jpg;85C123992
3053.jpg;52T85761
3054.jpg;54P48871
3055.jpg;59T100381
3056.jpg;59S208438
3057.jpg;53HT46828
3058.jpg;59D10444
3059.jpg;60V77002
3060.jpg;59G186895
3061.jpg;51H32153
3062.jpg;59M787668
3063.jpg;81B138746
3064.jpg;6508396
3065.jpg;59S167082
3066.jpg;82B119789
3067.jpg;51H42822
3068.jpg;33M73521
3069.jpg;30F14765
3070.jpg;59H155556
3071.jpg;61B136588
3072.jpg;59S246039
3073.jpg;29D163516
3074.jpg;59K18301
3075.jpg;79D115814
3076.jpg;51R32167
3077.jpg;51L18088
3078.jpg;29B110559
3079.jpg;
3080.jpg;59D149726
3081.jpg;61C122609
3082.jpg;4360133
3083.jpg;
3084.jpg;59M181859
3085.jpg;54Y88280
3086.jpg;59B133872
3087.jpg;65U24787
3088.jpg;59F113230
3089.jpg;
3090.jpg;59E150988
3091.jpg;86X15955
3092.jpg;59F184587
3093.jpg;59S126208
3094.jpg;59Y186494
3095.jpg;55X20010
3096.jpg;50T27594
3097.jpg;59C130543
3098.jpg;59C232477
3099.jpg;51T74533
3100.jpg;16L95425
3101.jpg;59M152576
3102.jpg;54L53444
3103.jpg;49B145348
3104.jpg;59C767790
3105.jpg;92H142107
3106.jpg;51H36696
3107.jpg;16P96204
3108.jpg;60D29125
3109.jpg;59TA00329
3110.jpg;59H197372
3111.jpg;59S144895
3112.jpg;66L126685
3113.jpg;59S178384
3114.jpg;93D102079
3115.jpg;59F125123
3116.jpg;79H118893
3117.jpg;77F128472
3118.jpg;59ET49285
3119.jpg;59C143689
3120.jpg;59H141296
3121.jpg;77X46391
3122.jpg;59E158720
3123.jpg;54X82567
3124.jpg;59B129117
3125.jpg;59S149525
3126.jpg;59T146457
3127.jpg;59C735132
3128.jpg;59F109865
3129.jpg;59C165515
3130.jpg;59V214465
3131.jpg;59V145217
3132.jpg;59X769592
3133.jpg;59F159997
3134.jpg;59P215270
3135.jpg;86K44446
3136.jpg;86AA01079
3137.jpg;59M175012
3138.jpg;59B101554
3139.jpg;50NT12582
3140.jpg;59V221604
3141.jpg;93F94406
3142.jpg;93P179867
3143.jpg;67M736037
3144.jpg;47B177040
3145.jpg;51P74022
3146.jpg;47R12443
3147.jpg;29B122701
3148.jpg;59D185619
3149.jpg;59K156958
3150.jpg;86B340430
3151.jpg;59S163497
3152.jpg;84L12727
3153.jpg;59K169323
3154.jpg;59Y160271
3155.jpg;60B915700
3156.jpg;77G125759
3157.jpg;59T192715
3158.jpg;61C161407
3159.jpg;79N22094
3160.jpg;60B558583
3161.jpg;54Y99149
3162.jpg;52M90589
3163.jpg;54U24957
3164.jpg;59F121926
3165.jpg;59S100685
3166.jpg;63H40538
3167.jpg;59G161590
3168.jpg;59S240017
3169.jpg;59E163978
3170.jpg;59Z05456
3171.jpg;5953122
3172.jpg;
3173.jpg;52U84577
3174.jpg;65X44850
3175.jpg;59T180782
3176.jpg;50N118689
3177.jpg;59L227345
3178.jpg;52P28146
3179.jpg;
3180.jpg;84G122593
3181.jpg;78H100111
3182.jpg;54P46793
3183.jpg;54T14995
3184.jpg;59P213159
3185.jpg;54Z88767
3186.jpg;59C131762
3187.jpg;59C125318
3188.jpg;59F113860
3189.jpg;54T31084
3190.jpg;54L48348
3191.jpg;59D183414
3192.jpg;59T134738
3193.jpg;79N125990
3194.jpg;
3195.jpg;59V208217
3196.jpg;51R32161
3197.jpg;59C259392
3198.jpg;55P84339
3199.jpg;54H22721
3200.jpg;59F120066
3201.jpg;54K40723
3202.jpg;
3203.jpg;50L184900
3204.jpg;51D58028
3205.jpg;59D206973
3206.jpg;79H34211
3207.jpg;59C170773
3208.jpg;67L133525
3209.jpg;59D191897
3210.jpg;59V177832
3211.jpg;59N87173
3212.jpg;52M90589
3213.jpg;5953773
3214.jpg;60B322083
3215.jpg;55X86503
3216.jpg;59N231428
3217.jpg;59T202768
3218.jpg;54J3538
3219.jpg;59C259332
3220.jpg;59D108861
3221.jpg;59K199217
3222.jpg;64K104343
3223.jpg;59N773948
3224.jpg;53R89556
3225.jpg;54H14882
3226.jpg;59Y158447
3227.jpg;59D167023
3228.jpg;54S92073
3229.jpg;66S712239
3230.jpg;54S92073
3231.jpg;59S270107
3232.jpg;94K12426
3233.jpg;
3234.jpg;59T160574
3235.jpg;5900985
3236.jpg;59E104744
3237.jpg;54L48062
3238.jpg;54T11850
3239.jpg;59C131162
3240.jpg;59P223050
3241.jpg;59P133202
3242.jpg;59F116692
3243.jpg;59C156086
3244.jpg;59U145267
3245.jpg;61B113134
3246.jpg;55P85535
3247.jpg;54R47039
3248.jpg;52Y65446
3249.jpg;59F138151
3250.jpg;78N25941
3251.jpg;52L72746
3252.jpg;59F168955
3253.jpg;59F175758
3256.jpg;
3257.jpg;51G44203
3258.jpg;51R23252
3259.jpg;61N9396||55X119005
3260.jpg;60Z61867
3261.jpg;61N9396
3262.jpg;60T61867
3263.jpg;59X764689
3264.jpg;59S348506||59X164689
3265.jpg;61D170409
3266.jpg;51B13919||51B13919
3267.jpg;
3268.jpg;61C13129
3269.jpg;
3270.jpg;
3271.jpg;78S15148
3272.jpg;59XE87422
3273.jpg;61C05367
3274.jpg;51C70398
3275.jpg;
3276.jpg;51D04162
3277.jpg;51K17276
3278.jpg;51K17276
3279.jpg;51K55325
3280.jpg;
3281.jpg;59L410464||57M0765
3282.jpg;
3283.jpg;
3284.jpg;50ES06862||59D151433
3285.jpg;86B164788
3286.jpg;51H69942
3287.jpg;51H68800
3288.jpg;51F18535
3289.jpg;59X324274||51D92007||51D92087
3290.jpg;52S21608||77G175213
3291.jpg;17B431357
3292.jpg;17B431357||45L02080
3293.jpg;51H60969||59X406909
3294.jpg;
3295.jpg;51K49181
3297.jpg;
3298.jpg;54X26945
3299.jpg;59X190078
3300.jpg;60A75198
3301.jpg;59C221743
3302.jpg;60A75198
3303.jpg;51B26643
3304.jpg;
3305.jpg;
3306.jpg;51G95177
3307.jpg;
3308.jpg;
3309.jpg;
3310.jpg;78K138154||19E31933
3311.jpg;77K138154
3312.jpg;59X79867||59S216399
3313.jpg;59S211506
3314.jpg;67X119732
3315.jpg;
3316.jpg;
3317.jpg;
3318.jpg;54S35384
3319.jpg;
3320.jpg;
3321.jpg;61D229625
3322.jpg;
3323.jpg;67A11074
3324.jpg;50F00224
3325.jpg;50R2505||51D73600
3326.jpg;60C52011
3327.jpg;60B498667
3328.jpg;51H53424
3329.jpg;51D41498
3330.jpg;51D312311
3331.jpg;52P8465
3332.jpg;51H03752
3333.jpg;
3334.jpg;59P715288
3335.jpg;50E05823
3336.jpg;61A63261
3337.jpg;60AK06769||61A63261
3338.jpg;51G77636
3339.jpg;
3340.jpg;
3341.jpg;59L191553
3342.jpg;
3343.jpg;57E39214
3344.jpg;5958574
3345.jpg;51D155774
3346.jpg;5301998
3347.jpg;59X171384||51D15577
3348.jpg;59P741065||51D15577
3349.jpg;
3350.jpg;5990997
3351.jpg;51D715577
3352.jpg;37P10220
3353.jpg;51D15577
3354.jpg;51D15577||5902202
3355.jpg;
3356.jpg;51X041380||51H24440
3357.jpg;
3358.jpg;67B120308||50E11845
3360.jpg;51K70439
3361.jpg;61A63261
3362.jpg;
3363.jpg;
3364.jpg;
3365.jpg;
3366.jpg;
3367.jpg;59D293870
3368.jpg;78B12670
3369.jpg;59X453004
3370.jpg;51G74283
3371.jpg;51G74283||52D105585
3372.jpg;51K46302
3373.jpg;61D43770
3374.jpg;5106612
3375.jpg;51H06612
3376.jpg;54X39582||54Z89635
3377.jpg;51G90111
3378.jpg;77C06720
3379.jpg;59X455343
3380.jpg;51D79257
3381.jpg;
3382.jpg;
3383.jpg;18B266463
3384.jpg;59S721245
3385.jpg;59X730497
3386.jpg;
3387.jpg;79A11283
3388.jpg;59X163668
3389.jpg;67EK78543
3390.jpg;62L95231
3391.jpg;61A19875
3392.jpg;61A19875
3393.jpg;61A19875
3394.jpg;47E00199
3395.jpg;61A82463
3396.jpg;50A81930
3397.jpg;51A93560
3398.jpg;51H01962
3399.jpg;51H01962
3400.jpg;60A62734
3401.jpg;
3402.jpg;
3403.jpg;
3404.jpg;37D186862
3405.jpg;52XL6230
3406.jpg;52X40230
3407.jpg;54T13950
3408.jpg;84D129996
3409.jpg;63B911044
3410.jpg;
3411.jpg;59X318737
3412.jpg;77D128125||59X318737
3413.jpg;19L07219
3414.jpg;51L65139
3415.jpg;59X65139
3416.jpg;51A66166||49H101650||78L10115
3417.jpg;
3418.jpg;59X47544||63B125356
3419.jpg;
3420.jpg;
3421.jpg;59X152894
3422.jpg;
3423.jpg;
3424.jpg;
3425.jpg;
3426.jpg;
3427.jpg;
3428.jpg;81KL5959
3429.jpg;
3430.jpg;
3431.jpg;78G121519||343444
3432.jpg;50X115500
3433.jpg;50X115500
3434.jpg;64H28677||77H9287
3435.jpg;62L183561
3436.jpg;53X74327
3437.jpg;53X7327||60B598364
3438.jpg;
3439.jpg;
3440.jpg;60H615712
3441.jpg;59D99764||6527410
3442.jpg;59D299764||66K127410
3443.jpg;36B87853
3444.jpg;
3445.jpg;
3446.jpg;61C119511||79NZ7875
3447.jpg;78F110584
3448.jpg;60F367411||78F110584
3449.jpg;60AE04521
3450.jpg;47L27054
3451.jpg;5918336
3452.jpg;59X118336||79Z17474
3453.jpg;59X139177
3454.jpg;59XB20430
3455.jpg;59X139458
3456.jpg;59X139458||59P68112
3457.jpg;59X139458||67G814187
3458.jpg;51K41215
3459.jpg;51G90260
3460.jpg;91K369522
3461.jpg;51B66458||121601
3462.jpg;54X31270||51G90260||50E01260
3463.jpg;67D80735||51D68458
3464.jpg;51E68458
3465.jpg;59L419132
3466.jpg;59X419132
3467.jpg;61D212784||5997310
3468.jpg;59C316178||53E109501
3469.jpg;55X2966||65E960397||51G93613
3470.jpg;77N110683||59X412456
3471.jpg;83C116109||57A254531||59C283792
3472.jpg;59L126572||51G93613||59X381277||59D283792
3473.jpg;51D79348||59X05763
3474.jpg;50X04761
3475.jpg;51G93613
3476.jpg;50X104761||51D79348
3477.jpg;50X918047||51D79348||6234228
3478.jpg;62A34248
3479.jpg;51K51828
3480.jpg;93P222076||51D58469
3481.jpg;59X400673
3482.jpg;60FL08272
3483.jpg;59X765856||37A302226
3484.jpg;50X117142||60T9653
3485.jpg;51G52548||61S51467
3486.jpg;51F87343
3487.jpg;
3488.jpg;51F87343||60F20566
3489.jpg;51C81788||59H214328
3490.jpg;59H214328
3491.jpg;67C07101
3492.jpg;
3493.jpg;
3494.jpg;59X314910
3495.jpg;59X349107||90L35307||2028130
3496.jpg;51R58879
3497.jpg;59X163066
3498.jpg;51F36169
3499.jpg;59X216696||51G98924
3500.jpg;59X257216
3501.jpg;77FT37785
3502.jpg;59PX13784
3503.jpg;59X143044
3504.jpg;51F82338||60B638567
3505.jpg;59S208923
3506.jpg;50L09634
3507.jpg;
3508.jpg;47BZ36955||5125905
3509.jpg;51B32932
3510.jpg;59V301472||77C117843||33X408681
3511.jpg;59D156368||832932
3512.jpg;59S186088
3513.jpg;59X158254||59E120135||51B16160
3514.jpg;5958254||59E103075||51B16160
3515.jpg;78D103256||93X158254||51B16160||581660
3516.jpg;60L77738
3517.jpg;50MC3857||90X306704||59Y839133
3518.jpg;59F116595
3519.jpg;50H213957||51A3560
3520.jpg;59X138225
3521.jpg;
3522.jpg;60B888995||15P33555||51B97236
3523.jpg;
3524.jpg;55X20973
3525.jpg;59X780347
3526.jpg;51K50953
3527.jpg;90Z27793
3528.jpg;59T216607||5183142
3529.jpg;59C431652||55X90769
3530.jpg;60F022108
3531.jpg;51F07122
3532.jpg;51F02331||47T110387
3533.jpg;54D233227
3534.jpg;59X419442||15P442069
3535.jpg;59X80825||52LS10030||51D13271
3536.jpg;50G00815
3537.jpg;67P12099
3538.jpg;59X101882
3539.jpg;51D92560
3540.jpg;47A07780
3541.jpg;50L11006||51B26619
3542.jpg;59X369012
3543.jpg;59X788842||59X369012||51D688410
3544.jpg;59T218067
3545.jpg;17N50205||59L218067
3546.jpg;
3547.jpg;61D213341
3548.jpg;47A43647||15P117154
3549.jpg;60F392663
3550.jpg;47A43647
3551.jpg;53X59221
3552.jpg;59X403485
3553.jpg;47E113102
3554.jpg;59X165497
3555.jpg;50E11977
3556.jpg;5421044
3557.jpg;
3558.jpg;78G13460
3559.jpg;51H61587
3560.jpg;92AH05180||81B115920
3561.jpg;59X758588||53X352628
3562.jpg;59X158588||51HE61507
3563.jpg;51G42388
3564.jpg;59L51044
3565.jpg;
3566.jpg;93F158690||50X23143
3567.jpg;59L19591||49X116325
3568.jpg;
3569.jpg;51H16559
3570.jpg;59X358189
3571.jpg;
3572.jpg;17B801163||59L102662
3573.jpg;59L384137||13L788011
3574.jpg;49AL00119||59Z45927||5030912
3575.jpg;59D523885
3576.jpg;59X114109||59D75831||607288
3577.jpg;78L125527
3578.jpg;92G117953
3579.jpg;
3580.jpg;66S136385
3581.jpg;61D075239
3582.jpg;49E201924||61G775374
3583.jpg;55X20065||49E201924
3584.jpg;59G174560||59X35910||61C48767
3585.jpg;59XL08380
3586.jpg;51G09964||56P23135
3587.jpg;29H168452||51G0996
3588.jpg;5163787||79H196812
3589.jpg;51H23283
3590.jpg;51G84904||5123283
3591.jpg;50Y017250
3592.jpg;50X102761||53D299251
3593.jpg;63B290679
3594.jpg;51G392506||63B290679
3595.jpg;62L790121
3596.jpg;52P69742||50X113355||50E06301
3597.jpg;59X138099||51F79385
3598.jpg;84B205754
3599.jpg;5159957||51D60979
3600.jpg;51H69860
3601.jpg;51H69860
3602.jpg;
3603.jpg;
3604.jpg;51H09488
3605.jpg;59L24375
3606.jpg;50L013192
3607.jpg;51H83514
3608.jpg;51H83514||61D229793
3609.jpg;59E196188||51H83502
3610.jpg;59X412194
3611.jpg;93D153651
3612.jpg;47S82066||85L89902
3613.jpg;67L262917
3614.jpg;939210||86B234270||533989||67Z62927
3615.jpg;
3616.jpg;51D74720
3617.jpg;
3618.jpg;60F368564
3619.jpg;49E32408
3620.jpg;59X275167
3621.jpg;
3622.jpg;
3623.jpg;
3624.jpg;
3625.jpg;59X103019||19Z012966
3626.jpg;6006293
3627.jpg;55X11829
3628.jpg;60F330957
3629.jpg;49E135422
3630.jpg;
3631.jpg;
3632.jpg;77B43880
3633.jpg;
3634.jpg;77L90279
3635.jpg;
3636.jpg;60A151381
3637.jpg;60H151301
3638.jpg;59L323158
3639.jpg;66L07851
3640.jpg;
3641.jpg;
3642.jpg;930289
3643.jpg;38D101998
3644.jpg;60F128808
3645.jpg;59X332614
3646.jpg;84D013157
3647.jpg;
3648.jpg;59X729989
3649.jpg;
3650.jpg;60HT51044
3651.jpg;81B321596
3652.jpg;
3653.jpg;60F314685
3654.jpg;66K118484
3655.jpg;77C103188
3656.jpg;72F173234
3657.jpg;
3658.jpg;
3659.jpg;
3660.jpg;54R23288
3661.jpg;59X183574
3662.jpg;59B114107
3663.jpg;60AK06877
3664.jpg;59D186550
3665.jpg;59G221538
3666.jpg;60H155099
3667.jpg;61U28604
3668.jpg;48Z87593
3669.jpg;
3670.jpg;79N321337
3671.jpg;59X115204
3672.jpg;79N296995
3673.jpg;79N296995
3674.jpg;79Z96995||53Z227222
3675.jpg;51A38907
3676.jpg;51A38907
3677.jpg;51A38907
3678.jpg;51AU38907
3679.jpg;
3680.jpg;
3681.jpg;59T227222||81A51604
3682.jpg;
3683.jpg;50E03220
3684.jpg;29C65227
3685.jpg;89A07379
3686.jpg;29A44039
3687.jpg;30A60434
3688.jpg;30F88013
3689.jpg;
3690.jpg;50Z6788
3691.jpg;51F86947
3692.jpg;56P6961
3693.jpg;62A02636
3694.jpg;51A00530
3695.jpg;53S8195
3696.jpg;30G40304
3697.jpg;29H17054
3698.jpg;30F25697
3699.jpg;30F25697
3700.jpg;29A33928
3701.jpg;29A33928
3702.jpg;30G40304
3703.jpg;30E43502
3704.jpg;30E43502
3705.jpg;
3706.jpg;29A46294
3707.jpg;30F46564
3708.jpg;30E43502
3709.jpg;30G58246
3710.jpg;29A60225
3711.jpg;30A68251
3712.jpg;30A68251
3713.jpg;30F71165
3714.jpg;30F71554
3715.jpg;30F86034
3716.jpg;30F86034
3717.jpg;30G37213
3718.jpg;30F97025
3719.jpg;29A02343
3720.jpg;90A07718
3721.jpg;30G46885
3722.jpg;30F32643
3723.jpg;30F44101
3724.jpg;3050483
3725.jpg;29A77998
3726.jpg;30G03916
3727.jpg;30A23451
3728.jpg;
3729.jpg;99A08929
3730.jpg;30A58373
3731.jpg;56S0009
3732.jpg;30A26144
3733.jpg;30A26583
3734.jpg;89A15961
3735.jpg;30G31553
3736.jpg;89A06932
3737.jpg;30A04180
3738.jpg;29A00084
3739.jpg;56S0009
3740.jpg;56S0009
3741.jpg;56S0009
3742.jpg;56S0009
3743.jpg;30A04180
3744.jpg;30A04180
3745.jpg;30A04180
3746.jpg;30E04914
3747.jpg;30A04926
3748.jpg;30A05684
3749.jpg;29D05685
3750.jpg;29D05685
3751.jpg;29D05685
3752.jpg;30A05857
3753.jpg;30G06534
3754.jpg;80A06932
3755.jpg;90A07718
3756.jpg;18A01326
3757.jpg;18A07826
3758.jpg;29D07881
3759.jpg;99A08929
3760.jpg;
3761.jpg;90A09054
3762.jpg;
3763.jpg;
3764.jpg;29D09566
3765.jpg;
3766.jpg;99A12497
3767.jpg;
3768.jpg;89C13497
3769.jpg;89C13497
3770.jpg;89C13497
3771.jpg;8913780
3772.jpg;88A14436
3773.jpg;89A14723
3774.jpg;89C15637
3775.jpg;89A15717
3776.jpg;89A15961
3777.jpg;29A15963
3778.jpg;30G15870
3779.jpg;30A18036
3780.jpg;
3781.jpg;30G19663
3782.jpg;30F20449
3783.jpg;30F20449
3784.jpg;3020449
3785.jpg;34A20477
3786.jpg;30E14499
3787.jpg;89A21413
3788.jpg;89A21740
3789.jpg;29A23136
3790.jpg;30A23451
3791.jpg;29A25808
3792.jpg;29A25885
3793.jpg;30A26144
3794.jpg;30A26144
3795.jpg;30A26144
3796.jpg;30A26583
3797.jpg;
3798.jpg;19A29736
3799.jpg;3062950
3800.jpg;
3801.jpg;
3802.jpg;29C80581
3803.jpg;29D09566
3804.jpg;30E32586
3805.jpg;30G31553
3806.jpg;30G31697
3807.jpg;30F32245
3808.jpg;30F32643
3809.jpg;30F32659
3810.jpg;30F32659
3811.jpg;
3812.jpg;19A32726
3813.jpg;19A32726
3814.jpg;
3815.jpg;30F32951
3816.jpg;99A33254
3817.jpg;99A33254
3818.jpg;30G31553
3819.jpg;88A33744
3820.jpg;
3821.jpg;30G37213
3822.jpg;30G37213
3823.jpg;30A37519
3824.jpg;637986
3825.jpg;30G41171
3826.jpg;29A42945
3827.jpg;
3828.jpg;30G43755
3829.jpg;30G43755
3830.jpg;30A44035
3831.jpg;30F44101
3832.jpg;30E45676
3833.jpg;
3834.jpg;29A46511
3835.jpg;29A46511
3836.jpg;29A46511
3837.jpg;30G46885
3838.jpg;3014703
3839.jpg;30A49689
3840.jpg;30F50483
3841.jpg;30F5204
3842.jpg;30F5204
3843.jpg;30F5204
3844.jpg;30F5204
3845.jpg;30F5204
3846.jpg;93F05204
3847.jpg;30F5204
3848.jpg;30F5204
3849.jpg;30A152186
3850.jpg;30E52374
3851.jpg;51G52911
3852.jpg;51G52911
3853.jpg;51G52917
3854.jpg;29U5411
3855.jpg;30A54827
3856.jpg;29A56048
3857.jpg;30G56801
3858.jpg;
3859.jpg;30A58373
3860.jpg;
3861.jpg;30A90546
3862.jpg;29A60432
3863.jpg;29A60432
3864.jpg;29A60432
3865.jpg;30G61085
3866.jpg;30A61153
3867.jpg;
3868.jpg;30G61029
3869.jpg;
3870.jpg;30E63563
3871.jpg;30E63563
3872.jpg;30E63563
3873.jpg;29A46511
3874.jpg;29C65227
3875.jpg;30F65847
3876.jpg;30F66122
3877.jpg;29A68005
3878.jpg;30F68947
3879.jpg;30E69436
3880.jpg;29A77998
3881.jpg;30A78340
3882.jpg;30A79330
3883.jpg;30F81060
3884.jpg;29A85437
3885.jpg;30F85806
3886.jpg;
3887.jpg;30Z8657
3888.jpg;30Z8657
3889.jpg;30V8692
3890.jpg;30A89685
3891.jpg;89A09096
3892.jpg;89C13497
3893.jpg;30A90296
3894.jpg;30A90546
3895.jpg;30F92619
3896.jpg;30A32645
3897.jpg;30F93591
3898.jpg;30F93644
3899.jpg;
3900.jpg;51G94303
3901.jpg;30E94515
3902.jpg;30F95280
3903.jpg;29A95394
3904.jpg;30F97025
3905.jpg;29A97701
3906.jpg;29A97701
3907.jpg;29A98366
3908.jpg;30E99127
3909.jpg;2929986
3910.jpg;30S0426
3911.jpg;30A26144
3912.jpg;36A01418
3913.jpg;89A15530
3914.jpg;30F03523
3915.jpg;
3916.jpg;30F49056
3917.jpg;89A07758
3918.jpg;29A04999
3919.jpg;30A34588
3920.jpg;15A06596
3921.jpg;30F70192
3922.jpg;89A10993
3923.jpg;89A07394
3924.jpg;29A05080
3925.jpg;89A20664
3926.jpg;36A01418
3927.jpg;36A01418
3928.jpg;36A01418
3929.jpg;36A01418
3930.jpg;29A01771
3931.jpg;29H02042
3932.jpg;29H02042
3933.jpg;29A02343
3934.jpg;30G01866
3935.jpg;30A02965
3936.jpg;20A03038
3937.jpg;88A03336
3938.jpg;30F03523
3939.jpg;30F03523
3940.jpg;30F03523
3941.jpg;30F03523
3942.jpg;30F03523
3943.jpg;30F03523
3944.jpg;30F03523
3945.jpg;29A04999
3946.jpg;29A05080
3947.jpg;29H07062
3948.jpg;30F07227
3949.jpg;30F07227
3950.jpg;89A07394
3951.jpg;89A07394
3952.jpg;89A07758
3953.jpg;89A07758
3954.jpg;89A07758
3955.jpg;89A07758
3956.jpg;89A07758
3957.jpg;88A08079
3958.jpg;21A08531
3959.jpg;21A08531
3960.jpg;30A92957
3961.jpg;30F10317
3962.jpg;30G10428
3963.jpg;99A10432
3964.jpg;89A10993
3965.jpg;30A6111
3966.jpg;30G11155
3967.jpg;30F10317
3968.jpg;89A13864
3969.jpg;89A13864
3970.jpg;30F15292
3971.jpg;89L15530
3972.jpg;89A15530
3973.jpg;89A15530
3974.jpg;89A15530
3975.jpg;30F15695
3976.jpg;38N1636
3977.jpg;89A17888
3978.jpg;89A18577
3979.jpg;19N1866
3980.jpg;19N1866
3981.jpg;30G19185
3982.jpg;24A15935
3983.jpg;
3984.jpg;89D19599
3985.jpg;30A20388
3986.jpg;89A20664
3987.jpg;30F21510
3988.jpg;30F21510
3989.jpg;29D21596
3990.jpg;29D21596
3991.jpg;36A25649
3992.jpg;36A25649
3993.jpg;36A25649
3994.jpg;36A25649
3995.jpg;36A25649
3996.jpg;29A26128
3997.jpg;30A26144
3998.jpg;30F26449
3999.jpg;30F26449
4000.jpg;36A01418
4001.jpg;30F28620
4002.jpg;2915079
4003.jpg;30F32598
4004.jpg;30F32598
4005.jpg;
4006.jpg;
4007.jpg;30L34588
4008.jpg;30A34588
4009.jpg;30L34588
4010.jpg;30G35217
4011.jpg;30G35392
4012.jpg;29A36257
4013.jpg;99A36456
4014.jpg;51H36509
4015.jpg;30E39814
4016.jpg;29A42050
4017.jpg;29A42050
4018.jpg;29A42050
4019.jpg;29A42050
4020.jpg;29A42050
4021.jpg;30G43912
4022.jpg;30F46189
4023.jpg;30F46189
4024.jpg;30F46189
4025.jpg;30A46748
4026.jpg;30G48917
4027.jpg;30G48917
4028.jpg;30F49056
4029.jpg;30E49536
4030.jpg;30F50833
4031.jpg;30G51511
4032.jpg;30G56695
4033.jpg;30G56695
4034.jpg;31F5724
4035.jpg;30G59068
4036.jpg;30E60123
4037.jpg;30F65939
4038.jpg;296767
4039.jpg;30F67941
4040.jpg;30A69919
4041.jpg;30A69919
4042.jpg;30F70192
4043.jpg;30F70192
4044.jpg;30F70442
4045.jpg;30A71103
4046.jpg;30A71103
4047.jpg;30A71103
4048.jpg;30A71103
4049.jpg;30F71578
4050.jpg;30F71578
4051.jpg;3071578
4052.jpg;
4053.jpg;
4054.jpg;30F72929
4055.jpg;30F74338
4056.jpg;52F7584
4057.jpg;30A76121
4058.jpg;30A76791
4059.jpg;36A01418
4060.jpg;29A77397
4061.jpg;3157986
4062.jpg;29C82506
4063.jpg;29C82506
4064.jpg;29C82506
4065.jpg;30A88459
4066.jpg;30A89685
4067.jpg;30F77294
4068.jpg;30F91149
4069.jpg;30G01866
4070.jpg;
4071.jpg;30F92840
4072.jpg;88D00328
4073.jpg;
4074.jpg;30G03916
4075.jpg;30E19752
4076.jpg;30E50692
4077.jpg;30E38721
4078.jpg;30G758236
4079.jpg;30F35939
4080.jpg;30A71980
4081.jpg;29D08722
4082.jpg;
4083.jpg;24U00082
4084.jpg;30G00567
4085.jpg;89D00590
4086.jpg;15A00635
4087.jpg;15A00635
4088.jpg;26A00164
4089.jpg;29D01799
4090.jpg;29D02474
4091.jpg;30F03523
4092.jpg;30F03523
4093.jpg;29H03560
4094.jpg;30G03916
4095.jpg;36A04104
4096.jpg;36A04104
4097.jpg;89A04369
4098.jpg;30F05779
4099.jpg;89A05820
4100.jpg;30E06618
4101.jpg;29A06669
4102.jpg;29H06737
4103.jpg;29H06737
4104.jpg;29H06737
4105.jpg;30A06829
4106.jpg;89A06932
4107.jpg;89A06932
4108.jpg;30F07555
4109.jpg;30F07555
4110.jpg;30F07555
4111.jpg;30F07555
4112.jpg;29H07716
4113.jpg;12S08060
4114.jpg;89A08084
4115.jpg;99A08487
4116.jpg;19A08564
4117.jpg;30Z0865
4118.jpg;29D08722
4119.jpg;
4120.jpg;
4121.jpg;29D09566
4122.jpg;29D09566
4123.jpg;29D09566
4124.jpg;29D09566
4125.jpg;29D09566
4126.jpg;29D09566
4127.jpg;29D09566
4128.jpg;29D09566
4129.jpg;29D09566
4130.jpg;
4131.jpg;29D09566
4132.jpg;9009566
4133.jpg;29D09566
4134.jpg;29D09566
4135.jpg;29D09566
4136.jpg;89A09730
4137.jpg;89A10429
4138.jpg;89A10429
4139.jpg;35A10819
4140.jpg;89A11039
4141.jpg;30G11155
4142.jpg;30F11292
4143.jpg;30F11292
4144.jpg;30G11994
4145.jpg;30E12176
4146.jpg;
4147.jpg;
4148.jpg;29H12997
4149.jpg;
4150.jpg;30E13028
4151.jpg;34A13974
4152.jpg;29H15079
4153.jpg;29H15207
4154.jpg;89A15939
4155.jpg;89A15939
4156.jpg;89A15973
4157.jpg;30G16380
4158.jpg;30G16380
4159.jpg;15A16871
4160.jpg;29A17543
4161.jpg;30A17831
4162.jpg;99A18766
4163.jpg;14A19068
4164.jpg;29V1910
4165.jpg;29V1910
4166.jpg;29V1910
4167.jpg;29V1910
4168.jpg;26V1910
4169.jpg;29V1910
4170.jpg;29V1910
4171.jpg;29V1910
4172.jpg;29V1910
4173.jpg;26V1910
4174.jpg;26V1910
4175.jpg;29V1910
4176.jpg;21V1910
4177.jpg;21V1910
4178.jpg;89A19640
4179.jpg;30F19643
4180.jpg;30F19643
4181.jpg;30E19752
4182.jpg;30E19752
4183.jpg;30E19752
4184.jpg;30E19752
4185.jpg;30E19903
4186.jpg;30F20049
4187.jpg;30E30640
4188.jpg;30E20701
4189.jpg;30G21592
4190.jpg;89A21762
4191.jpg;30F22254
4192.jpg;29A22443
4193.jpg;29A22443
4194.jpg;34C22496
4195.jpg;30G22721
4196.jpg;29C22776
4197.jpg;2923855
4198.jpg;30E23871
4199.jpg;14A25074
4200.jpg;30G25495
4201.jpg;30G25495
4202.jpg;30G25794
4203.jpg;29A25885
4204.jpg;29A25885
4205.jpg;29A25885
4206.jpg;29A25885
4207.jpg;29A25885
4208.jpg;29A25885
4209.jpg;30A26144
4210.jpg;30S2639
4211.jpg;30A26583
4212.jpg;30F27580
4213.jpg;30F27580
4214.jpg;30F27580
4215.jpg;3027580
4216.jpg;30F27580
4217.jpg;30E29328
4218.jpg;29A29359
4219.jpg;29A29441
4220.jpg;29A29441
4221.jpg;20A29879
4222.jpg;2906845
4223.jpg;30E89023
4224.jpg;30A31544
4225.jpg;29H31658
4226.jpg;34A31825
4227.jpg;34A31825
4228.jpg;34A31825
4229.jpg;34A31825
4230.jpg;30F32080
4231.jpg;30A32867
4232.jpg;30A32867
4233.jpg;30G33531
4234.jpg;30G34241
4235.jpg;30E34411
4236.jpg;30E34422
4237.jpg;30E34441
4238.jpg;30F35939
4239.jpg;20A36078
4240.jpg;30F36127
4241.jpg;30F36253
4242.jpg;30G36715
4243.jpg;36A04104
4244.jpg;36A04104
4245.jpg;36A04104
4246.jpg;29H37260
4247.jpg;29A37277
4248.jpg;37C37544
4249.jpg;37A39988
4250.jpg;30E38721
4251.jpg;30E38721
4252.jpg;30F39361
4253.jpg;30G39509
4254.jpg;30A40293
4255.jpg;29H40433
4256.jpg;30G41159
4257.jpg;30E41231
4258.jpg;30E41237
4259.jpg;30X4243
4260.jpg;30M1053
4261.jpg;30M4253
4262.jpg;30M4253
4263.jpg;30M4253
4264.jpg;30M4253
4265.jpg;30M4253
4266.jpg;30M4253
4267.jpg;30M4253
4268.jpg;30M4253
4269.jpg;30M1253
4270.jpg;30M4253
4271.jpg;30G43342
4272.jpg;30E43843
4273.jpg;30F45081
4274.jpg;29A46319
4275.jpg;30G46885
4276.jpg;30A47005
4277.jpg;30G47036
4278.jpg;30A47837
4279.jpg;30E48226
4280.jpg;30A48483
4281.jpg;36A49052
4282.jpg;30E50207
4283.jpg;30E50692
4284.jpg;29D51411
4285.jpg;30E54515
4286.jpg;30F54659
4287.jpg;30A54827
4288.jpg;30G55031
4289.jpg;30G55655
4290.jpg;30F57331
4291.jpg;30A57599
4292.jpg;30A57599
4293.jpg;30G58236
4294.jpg;30G58236
4295.jpg;30G58236
4296.jpg;30G758236
4297.jpg;30G58858
4298.jpg;30F60898
4299.jpg;30E61035
4300.jpg;50K61153
4301.jpg;
4302.jpg;30A62043
4303.jpg;30A62539
4304.jpg;30E63699
4305.jpg;30E63785
4306.jpg;30E64379
4307.jpg;29C65227
4308.jpg;29C66073
4309.jpg;29C66073
4310.jpg;30E66122
4311.jpg;3066266
4312.jpg;29C66625
4313.jpg;30F67403
4314.jpg;29C67798
4315.jpg;30F70179
4316.jpg;29C00056
4317.jpg;
4318.jpg;30A71179
4319.jpg;30A71980
4320.jpg;30A71980
4321.jpg;25A73570
4322.jpg;29C73587
4323.jpg;
4324.jpg;30E75537
4325.jpg;30E75531
4326.jpg;30E76226
4327.jpg;30A76791
4328.jpg;30F76809
4329.jpg;30F76935
4330.jpg;
4331.jpg;30A79209
4332.jpg;30V7921
4333.jpg;30F80651
4334.jpg;30F83605
4335.jpg;30E85886
4336.jpg;30E85886
4337.jpg;30F86404
4338.jpg;30F86574
4339.jpg;29A87180
4340.jpg;89A20061
4341.jpg;30F90230
4342.jpg;30F90540
4343.jpg;30F90540
4344.jpg;30E90955
4345.jpg;
4346.jpg;29A92839
4347.jpg;30E93815
4348.jpg;30F94376
4349.jpg;30A95205
4350.jpg;29D09566
4351.jpg;30A96308
4352.jpg;30A96308
4353.jpg;15A06596
4354.jpg;30A96805
4355.jpg;30A97061
4356.jpg;51C97363
4357.jpg;30A98846
4358.jpg;29D99340
4359.jpg;30F99523
4360.jpg;30F99844
4361.jpg;30A99948
4362.jpg;30M4253
4363.jpg;30E71224
4364.jpg;30M4253
4365.jpg;30M4253
4366.jpg;30M4253
4367.jpg;30M4253
4368.jpg;29D09566
4369.jpg;30G40304
4370.jpg;30A97571
4371.jpg;30F25697
4372.jpg;29E00010
4373.jpg;89LD00275
4374.jpg;89L0027
4375.jpg;29C64038
4376.jpg;89L000546
4377.jpg;88L00075
4378.jpg;30E02141
4379.jpg;30E02141
4380.jpg;30E02141
4381.jpg;30G03474
4382.jpg;30G0394
4383.jpg;30A05197
4384.jpg;30E05207
4385.jpg;30F06973
4386.jpg;89A07379
4387.jpg;89A07379
4388.jpg;89A07379
4389.jpg;89A07379
4390.jpg;26A08211
4391.jpg;99A08487
4392.jpg;89A08824
4393.jpg;89A08877
4394.jpg;30G09132
4395.jpg;30G09732
4396.jpg;14A09290
4397.jpg;14A09290
4398.jpg;
4399.jpg;30G09483
4400.jpg;29A09586
4401.jpg;29A09586
4402.jpg;89A10341
4403.jpg;3021040
4404.jpg;99A10432
4405.jpg;99A10432
4406.jpg;99A10432
4407.jpg;89A10341
4408.jpg;89A10868
4409.jpg;89A11297
4410.jpg;89A12327
4411.jpg;89A12388
4412.jpg;29H12891
4413.jpg;292452
4414.jpg;29H15606
4415.jpg;29H15606
4416.jpg;
4417.jpg;
4418.jpg;
4419.jpg;
4420.jpg;30G19909
4421.jpg;89A20061
4422.jpg;30E02141
4423.jpg;30F20784
4424.jpg;3020890
4425.jpg;30F21950
4426.jpg;88A23016
4427.jpg;29T2471
4428.jpg;2912471
4429.jpg;
4430.jpg;
4431.jpg;30F25697
4432.jpg;30F25697
4433.jpg;30F25697
4434.jpg;30G27838
4435.jpg;29A09586
4436.jpg;29A37229
4437.jpg;88A30598
4438.jpg;40A60434
4439.jpg;30A79209
4440.jpg;30F88013
4441.jpg;30G27838
4442.jpg;30F32245
4443.jpg;
4444.jpg;30G32955
4445.jpg;30A33833
4446.jpg;30A33833
4447.jpg;29A33928
4448.jpg;29A33928
4449.jpg;30A33949
4450.jpg;40K31506
4451.jpg;
4452.jpg;
4453.jpg;34A35851
4454.jpg;
4455.jpg;30G36336
4456.jpg;29A36815
4457.jpg;
4458.jpg;29H38452
4459.jpg;29H38452
4460.jpg;30G46437
4461.jpg;30G40304
4462.jpg;30G40304
4463.jpg;30G40304
4464.jpg;30G41359
4465.jpg;30E43502
4466.jpg;
4467.jpg;30FN4580
4468.jpg;30FN4580
4469.jpg;29A46294
4470.jpg;30G46437
4471.jpg;30G46437
4472.jpg;30G46437
4473.jpg;29G46718
4474.jpg;29A46791
4475.jpg;
4476.jpg;30F47662
4477.jpg;
4478.jpg;30E47662
4479.jpg;
4480.jpg;
4481.jpg;
4482.jpg;30E48226
4483.jpg;29A4817
4484.jpg;30F50167
4485.jpg;30F250167
4486.jpg;30F51271
4487.jpg;30F51272
4488.jpg;30F51272
4489.jpg;30F51443
4490.jpg;30F51443
4491.jpg;30F51443
4492.jpg;30F51443
4493.jpg;30F351695
4494.jpg;30G51624
4495.jpg;3065162
4496.jpg;
4497.jpg;
4498.jpg;30G51624
4499.jpg;
4500.jpg;352656
4501.jpg;30G52753
4502.jpg;
4503.jpg;
4504.jpg;
4505.jpg;
4506.jpg;30F54745
4507.jpg;30A55695
4508.jpg;30F56330
4509.jpg;30F56330
4510.jpg;30E91177
4511.jpg;29A57224
4512.jpg;
4513.jpg;30F57808
4514.jpg;30G59810
4515.jpg;30A60168
4516.jpg;30A60434
4517.jpg;29A60513
4518.jpg;29A60513
4519.jpg;30E60863
4520.jpg;
4521.jpg;29A60986
4522.jpg;30E61011
4523.jpg;30E51035
4524.jpg;30X6295
4525.jpg;30A63839
4526.jpg;30A63839
4527.jpg;29C64038
4528.jpg;29A65169
4529.jpg;29A65169
4530.jpg;30F65900
4531.jpg;30F65946
4532.jpg;29C66626
4533.jpg;29C66626
4534.jpg;30E66684
4535.jpg;
4536.jpg;
4537.jpg;30A68783
4538.jpg;
4539.jpg;30A70130
4540.jpg;
4541.jpg;5070190
4542.jpg;30F70924
4543.jpg;30E71583
4544.jpg;29A71990
4545.jpg;30F72928
4546.jpg;30F72928
4547.jpg;30E74323
4548.jpg;30A74491
4549.jpg;30A74491
4550.jpg;30F74905
4551.jpg;30F77159
4552.jpg;30E77379
4553.jpg;30E77379
4554.jpg;30E77379
4555.jpg;30E77408
4556.jpg;30F78286
4557.jpg;30F78286
4558.jpg;30F78286
4559.jpg;30F78286
4560.jpg;30F78286
4561.jpg;29H38452
4562.jpg;30F78907
4563.jpg;
4564.jpg;
4565.jpg;30E80377
4566.jpg;30A80744
4567.jpg;30A80744
4568.jpg;30A80744
4569.jpg;29C81839
4570.jpg;30A82771
4571.jpg;30F88013
4572.jpg;30A88459
4573.jpg;89A07379
4574.jpg;89A07379
4575.jpg;30E90257
4576.jpg;30E91177
4577.jpg;30E91172
4578.jpg;30E91177
4579.jpg;30F95191
4580.jpg;30E96416
4581.jpg;30A97571
4582.jpg;30E97662
4583.jpg;30E97974
4584.jpg;30E97974
4585.jpg;
4586.jpg;
4587.jpg;30F99015
4588.jpg;30F54745
4589.jpg;30A99279
4590.jpg;99A27405
4591.jpg;8920061
4592.jpg;89A07379
4593.jpg;30G51624
4594.jpg;89A20061
4595.jpg;18A907379
4596.jpg;89A07379
4597.jpg;
4598.jpg;89A07379
4599.jpg;89A07379
4600.jpg;
